<?xml version = '1.0' encoding = 'UTF-8'?>
<relationalModel class="oracle.dbtools.crest.model.design.relational.RelationalDesign" name="Relational_1" id="8E60B514-4681-510F-0041-55919F9F5F48" mainViewID="4B7CCC4B-EA1E-BDA5-B331-F20C60F819D2">
<createdBy>ectro</createdBy>
<createdTime>2021-02-15 04:48:19 UTC</createdTime>
<ownerDesignName>ISQA8410_Project_ClassDojo_ConceptualModel</ownerDesignName>
<shouldBeOpen>false</shouldBeOpen>
<selectedRDBMSSite>79C73AAF-E1A7-E669-7DF0-025EE81A2AFC</selectedRDBMSSite>
</relationalModel>