<?xml version = '1.0' encoding = 'UTF-8'?>
<Diagram class="oracle.dbtools.crest.swingui.logical.DPVLogical" name="Logical" id="7681E670-5D2E-83FB-C94B-004D26995CB0">
<createdBy>ectro</createdBy>
<modifiedBy>ectro</modifiedBy>
<createdTime>2021-02-15 04:53:59 UTC</createdTime>
<autoRoute>false</autoRoute>
<boxInbox>true</boxInbox>
<showLegend>false</showLegend>
<showLabels>true</showLabels>
<showRelAttributes>false</showRelAttributes>
<gridEnabled>false</gridEnabled>
<showGrid>false</showGrid>
<diagramColor>-1</diagramColor>
<display>false</display>
<notation>2</notation>
<showAllDetails>false</showAllDetails>
<showElements>true</showElements>
<objectViews>
<OView class="oracle.dbtools.crest.swingui.logical.TVEntity" oid="030A84F3-9BD9-5F69-3B15-E0B0F19CCB8D" otype="Entity" vid="1CE0C3AC-33F0-D455-7F26-ACC887A5A43E">
<hideElementsInCurrentOnly>false</hideElementsInCurrentOnly>
<bounds x="0" y="515" width="170" height="110"/>
</OView>
<OView class="oracle.dbtools.crest.swingui.logical.TVEntity" oid="12055CBA-AD1B-9ABB-620F-548B5547CF0A" otype="Entity" vid="9D300285-13E4-CF2A-6B51-E87AC32E6EF4">
<hideElementsInCurrentOnly>false</hideElementsInCurrentOnly>
<bounds x="49" y="230" width="179" height="50"/>
</OView>
<OView class="oracle.dbtools.crest.swingui.logical.TVEntity" oid="1308990B-43B7-FAE3-752B-3888A5FEF9C5" otype="Entity" vid="7D340BC3-6C87-EF62-9859-F9A3CB2276D3">
<hideElementsInCurrentOnly>false</hideElementsInCurrentOnly>
<bounds x="0" y="1116" width="170" height="110"/>
</OView>
<OView class="oracle.dbtools.crest.swingui.logical.TVEntity" oid="3EE36506-96EF-52B0-004E-4DB08030440C" otype="Entity" vid="59B38EED-23A7-945D-7B60-BD3811E784E5">
<hideElementsInCurrentOnly>false</hideElementsInCurrentOnly>
<bounds x="1146" y="472" width="170" height="110"/>
</OView>
<OView class="oracle.dbtools.crest.swingui.logical.TVEntity" oid="40D4574A-A0D7-D527-6D6C-A3C0FE2AE5BE" otype="Entity" vid="A4464C9B-4072-9D3B-2A7F-D393BA436C67">
<hideElementsInCurrentOnly>false</hideElementsInCurrentOnly>
<bounds x="420" y="0" width="170" height="82"/>
</OView>
<OView class="oracle.dbtools.crest.swingui.logical.TVEntity" oid="40FF6622-DFBD-CD55-BEAF-B8559B01AF4C" otype="Entity" vid="024F57E0-74EC-FA29-8B1D-A6A435AA2BF1">
<hideElementsInCurrentOnly>false</hideElementsInCurrentOnly>
<bounds x="0" y="839" width="170" height="71"/>
</OView>
<OView class="oracle.dbtools.crest.swingui.logical.TVEntity" oid="4391C959-7A48-CFCD-368E-5EBFE847A501" otype="Entity" vid="AA247F7C-AD69-3747-6DF8-14FCADEA0AFA">
<hideElementsInCurrentOnly>false</hideElementsInCurrentOnly>
<bounds x="1290" y="78" width="170" height="110"/>
</OView>
<OView class="oracle.dbtools.crest.swingui.logical.TVEntity" oid="481C5324-E4BB-C866-DB2A-86EBFC7CFEF2" otype="Entity" vid="187F46CF-BE36-D3F2-F822-7042E9C890A8">
<hideElementsInCurrentOnly>false</hideElementsInCurrentOnly>
<bounds x="573" y="437" width="189" height="238"/>
</OView>
<OView class="oracle.dbtools.crest.swingui.logical.TVEntity" oid="8487D8DB-E101-5F45-EEF8-202244707620" otype="Entity" vid="6026D2B3-4C62-8E2A-7951-ADCFC9107BC5">
<hideElementsInCurrentOnly>false</hideElementsInCurrentOnly>
<bounds x="744" y="0" width="170" height="66"/>
</OView>
<OView class="oracle.dbtools.crest.swingui.logical.TVEntity" oid="9D570C9F-F5D1-F8A6-CFC5-2FAE3416151F" otype="Entity" vid="3CE34D96-D821-D6F5-AD92-899749542635">
<hideElementsInCurrentOnly>false</hideElementsInCurrentOnly>
<bounds x="37" y="0" width="209" height="297"/>
</OView>
<OView class="oracle.dbtools.crest.swingui.logical.TVEntity" oid="A371B8D4-266C-5D4D-3CBB-BDD5C2FCEBC8" otype="Entity" vid="0F7909AF-F7B3-2717-39F6-37E00DF8B5BB">
<hideElementsInCurrentOnly>false</hideElementsInCurrentOnly>
<bounds x="1085" y="0" width="203" height="188"/>
</OView>
<OView class="oracle.dbtools.crest.swingui.logical.TVEntity" oid="B87E5B46-213A-943F-33C1-0E59D85FDABB" otype="Entity" vid="7BEDC91C-3814-7345-A0CF-D3B42E6BBE28">
<hideElementsInCurrentOnly>false</hideElementsInCurrentOnly>
<bounds x="843" y="1061" width="170" height="110"/>
</OView>
<OView class="oracle.dbtools.crest.swingui.logical.TVEntity" oid="BE709B2C-C5BD-4E8A-AC09-C489D3AD1ED8" otype="Entity" vid="BCB48ED8-23A8-5FDA-3BC1-06951DD9275B">
<hideElementsInCurrentOnly>false</hideElementsInCurrentOnly>
<bounds x="76" y="187" width="137" height="58"/>
</OView>
<OView class="oracle.dbtools.crest.swingui.logical.TVEntity" oid="CBC84BCF-A1C0-43B1-3D80-A531115F9006" otype="Entity" vid="77DE040C-4E64-4F4A-2CC3-0CA54327F2E5">
<hideElementsInCurrentOnly>false</hideElementsInCurrentOnly>
<bounds x="1156" y="482" width="150" height="90"/>
</OView>
<OView class="oracle.dbtools.crest.swingui.logical.TVEntity" oid="CF7C59C3-1984-0AF4-58B4-27435F3CCADD" otype="Entity" vid="A5DF92D8-8AF6-0A6E-4333-3223B695A03D">
<hideElementsInCurrentOnly>false</hideElementsInCurrentOnly>
<bounds x="853" y="1071" width="136" height="43"/>
</OView>
<OView class="oracle.dbtools.crest.swingui.logical.TVEntity" oid="DB7C85CD-6666-435E-10AE-3E58D2B21C20" otype="Entity" vid="E68BBD8F-E957-F9AA-1D0F-AE8CDEA18F56">
<hideElementsInCurrentOnly>false</hideElementsInCurrentOnly>
<bounds x="66" y="177" width="170" height="110"/>
</OView>
</objectViews>
<connectors>
<Connector class="oracle.dbtools.crest.swingui.logical.TVRelation" oid="01888A7D-91B2-D920-DE02-8806AE53BE88" otype="Relation" vid_source="A4464C9B-4072-9D3B-2A7F-D393BA436C67" vid_target="6026D2B3-4C62-8E2A-7951-ADCFC9107BC5">
<hideElementsInCurrentOnly>false</hideElementsInCurrentOnly>
<backgroundColor>-16777216</backgroundColor>
<lineWidth>1</lineWidth>
<sourceLabel class="oracle.dbtools.crest.model.design.Label">
<site>0</site>
<labelBounds x="600" y="-1" width="53" height="34"/>
<noBackgroundColor>true</noBackgroundColor>
<noForegroundColor>true</noForegroundColor>
</sourceLabel>
<targetLabel class="oracle.dbtools.crest.model.design.Label">
<site>2</site>
<labelBounds x="663" y="36" width="75" height="34"/>
<noBackgroundColor>true</noBackgroundColor>
<noForegroundColor>true</noForegroundColor>
</targetLabel>
<points>
<point x="590" y="33"/>
<point x="744" y="33"/>
</points>
</Connector>
<Connector class="oracle.dbtools.crest.swingui.logical.TVRelation" oid="04A317FC-2DB7-FCC6-9312-0DB45EFBFC3C" otype="Relation" vid_source="A4464C9B-4072-9D3B-2A7F-D393BA436C67" vid_target="3CE34D96-D821-D6F5-AD92-899749542635">
<hideElementsInCurrentOnly>false</hideElementsInCurrentOnly>
<backgroundColor>-16777216</backgroundColor>
<lineWidth>1</lineWidth>
<sourceLabel class="oracle.dbtools.crest.model.design.Label">
<site>0</site>
<labelBounds x="373" y="41" width="41" height="34"/>
<noBackgroundColor>true</noBackgroundColor>
<noForegroundColor>true</noForegroundColor>
</sourceLabel>
<targetLabel class="oracle.dbtools.crest.model.design.Label">
<site>2</site>
<labelBounds x="256" y="61" width="69" height="34"/>
<noBackgroundColor>true</noBackgroundColor>
<noForegroundColor>true</noForegroundColor>
</targetLabel>
<points>
<point x="420" y="41"/>
<point x="246" y="41"/>
</points>
</Connector>
<Connector class="oracle.dbtools.crest.swingui.logical.TVRelation" oid="04F5DC42-FCAF-B970-9CBD-AE57C5A132DC" otype="Relation" vid_source="AA247F7C-AD69-3747-6DF8-14FCADEA0AFA" vid_target="3CE34D96-D821-D6F5-AD92-899749542635">
<hideElementsInCurrentOnly>false</hideElementsInCurrentOnly>
<backgroundColor>-16777216</backgroundColor>
<lineWidth>1</lineWidth>
<sourceLabel class="oracle.dbtools.crest.model.design.Label">
<site>0</site>
<labelBounds x="1239" y="101" width="45" height="32"/>
<noBackgroundColor>true</noBackgroundColor>
<noForegroundColor>true</noForegroundColor>
</sourceLabel>
<targetLabel class="oracle.dbtools.crest.model.design.Label">
<site>2</site>
<labelBounds x="256" y="136" width="77" height="32"/>
<noBackgroundColor>true</noBackgroundColor>
<noForegroundColor>true</noForegroundColor>
</targetLabel>
<points>
<point x="1290" y="133"/>
<point x="246" y="133"/>
</points>
</Connector>
<Connector class="oracle.dbtools.crest.swingui.logical.TVRelation" oid="0F417AF3-996B-8E6C-B0C6-D51813C282DF" otype="Relation" vid_source="024F57E0-74EC-FA29-8B1D-A6A435AA2BF1" vid_target="0F7909AF-F7B3-2717-39F6-37E00DF8B5BB">
<hideElementsInCurrentOnly>false</hideElementsInCurrentOnly>
<backgroundColor>-16777216</backgroundColor>
<lineWidth>1</lineWidth>
<sourceLabel class="oracle.dbtools.crest.model.design.Label">
<site>0</site>
<labelBounds x="135" y="799" width="75" height="34"/>
<noBackgroundColor>true</noBackgroundColor>
<noForegroundColor>true</noForegroundColor>
</sourceLabel>
<targetLabel class="oracle.dbtools.crest.model.design.Label">
<site>2</site>
<labelBounds x="1034" y="150" width="45" height="34"/>
<noBackgroundColor>true</noBackgroundColor>
<noForegroundColor>true</noForegroundColor>
</targetLabel>
<points>
<point x="135" y="839"/>
<point x="1085" y="150"/>
</points>
</Connector>
<Connector class="oracle.dbtools.crest.swingui.logical.TVRelation" oid="11ADCE29-ADCA-C4C6-0916-C8AD6C6553FE" otype="Relation" vid_source="A5DF92D8-8AF6-0A6E-4333-3223B695A03D" vid_target="9D300285-13E4-CF2A-6B51-E87AC32E6EF4">
<hideElementsInCurrentOnly>false</hideElementsInCurrentOnly>
<backgroundColor>-16777216</backgroundColor>
<lineWidth>1</lineWidth>
<sourceLabel class="oracle.dbtools.crest.model.design.Label">
<site>0</site>
<labelBounds x="777" y="1031" width="70" height="34"/>
<noBackgroundColor>true</noBackgroundColor>
<noForegroundColor>true</noForegroundColor>
</sourceLabel>
<targetLabel class="oracle.dbtools.crest.model.design.Label">
<site>2</site>
<labelBounds x="238" y="272" width="98" height="34"/>
<noBackgroundColor>true</noBackgroundColor>
<noForegroundColor>true</noForegroundColor>
</targetLabel>
<points>
<point x="853" y="1071"/>
<point x="228" y="272"/>
</points>
</Connector>
<Connector class="oracle.dbtools.crest.swingui.logical.TVRelation" oid="1D918CC7-E083-A0C2-BC80-AE93E996369D" otype="Relation" vid_source="E68BBD8F-E957-F9AA-1D0F-AE8CDEA18F56" vid_target="7BEDC91C-3814-7345-A0CF-D3B42E6BBE28">
<hideElementsInCurrentOnly>false</hideElementsInCurrentOnly>
<backgroundColor>-16777216</backgroundColor>
<lineWidth>1</lineWidth>
<sourceLabel class="oracle.dbtools.crest.model.design.Label">
<site>0</site>
<labelBounds x="199" y="321" width="67" height="28"/>
<noBackgroundColor>true</noBackgroundColor>
<noForegroundColor>true</noForegroundColor>
</sourceLabel>
<targetLabel class="oracle.dbtools.crest.model.design.Label">
<site>2</site>
<labelBounds x="924" y="1027" width="43" height="28"/>
<noBackgroundColor>true</noBackgroundColor>
<noForegroundColor>true</noForegroundColor>
</targetLabel>
<points>
<point x="199" y="287"/>
<point x="924" y="1061"/>
</points>
</Connector>
<Connector class="oracle.dbtools.crest.swingui.logical.TVRelation" oid="1EEB5ADD-9A5A-A276-C812-3F66C5F57055" otype="Relation" vid_source="59B38EED-23A7-945D-7B60-BD3811E784E5" vid_target="187F46CF-BE36-D3F2-F822-7042E9C890A8">
<hideElementsInCurrentOnly>false</hideElementsInCurrentOnly>
<backgroundColor>-16777216</backgroundColor>
<lineWidth>1</lineWidth>
<sourceLabel class="oracle.dbtools.crest.model.design.Label">
<site>0</site>
<labelBounds x="1048" y="527" width="92" height="34"/>
<noBackgroundColor>true</noBackgroundColor>
<noForegroundColor>true</noForegroundColor>
</sourceLabel>
<targetLabel class="oracle.dbtools.crest.model.design.Label">
<site>2</site>
<labelBounds x="734" y="410" width="114" height="34"/>
<noBackgroundColor>true</noBackgroundColor>
<noForegroundColor>true</noForegroundColor>
</targetLabel>
<points>
<point x="1146" y="527"/>
<point x="762" y="527"/>
</points>
</Connector>
<Connector class="oracle.dbtools.crest.swingui.logical.TVRelation" oid="345EFF3F-AF75-6AA3-7EAB-42B29E1DCB3D" otype="Relation" vid_source="77DE040C-4E64-4F4A-2CC3-0CA54327F2E5" vid_target="0F7909AF-F7B3-2717-39F6-37E00DF8B5BB">
<hideElementsInCurrentOnly>false</hideElementsInCurrentOnly>
<backgroundColor>-16777216</backgroundColor>
<lineWidth>1</lineWidth>
</Connector>
<Connector class="oracle.dbtools.crest.swingui.logical.TVInheritanceRelation" oid="3B44B797-10FB-450B-ECE4-9FA01E3EA11A" otype="Hierarchy relation" vid_source="3CE34D96-D821-D6F5-AD92-899749542635" vid_target="9D300285-13E4-CF2A-6B51-E87AC32E6EF4">
<hideElementsInCurrentOnly>false</hideElementsInCurrentOnly>
<backgroundColor>-65536</backgroundColor>
<lineWidth>1</lineWidth>
</Connector>
<Connector class="oracle.dbtools.crest.swingui.logical.TVInheritanceRelation" oid="4871120B-22DE-91F0-CA16-FA74AD8EED06" otype="Hierarchy relation" vid_source="3CE34D96-D821-D6F5-AD92-899749542635" vid_target="E68BBD8F-E957-F9AA-1D0F-AE8CDEA18F56">
<hideElementsInCurrentOnly>false</hideElementsInCurrentOnly>
<backgroundColor>-65536</backgroundColor>
<lineWidth>1</lineWidth>
</Connector>
<Connector class="oracle.dbtools.crest.swingui.logical.TVRelation" oid="549942D5-E8B7-8798-4311-A6777182C64D" otype="Relation" vid_source="7D340BC3-6C87-EF62-9859-F9A3CB2276D3" vid_target="59B38EED-23A7-945D-7B60-BD3811E784E5">
<hideElementsInCurrentOnly>false</hideElementsInCurrentOnly>
<backgroundColor>-16777216</backgroundColor>
<lineWidth>1</lineWidth>
<sourceLabel class="oracle.dbtools.crest.model.design.Label">
<site>0</site>
<labelBounds x="180" y="1123" width="94" height="34"/>
<noBackgroundColor>true</noBackgroundColor>
<noForegroundColor>true</noForegroundColor>
</sourceLabel>
<targetLabel class="oracle.dbtools.crest.model.design.Label">
<site>2</site>
<labelBounds x="1084" y="574" width="56" height="34"/>
<noBackgroundColor>true</noBackgroundColor>
<noForegroundColor>true</noForegroundColor>
</targetLabel>
<points>
<point x="170" y="1123"/>
<point x="1146" y="574"/>
</points>
</Connector>
<Connector class="oracle.dbtools.crest.swingui.logical.TVRelation" oid="550E2B53-BBB2-D485-8969-64A47B2B09D9" otype="Relation" vid_source="7BEDC91C-3814-7345-A0CF-D3B42E6BBE28" vid_target="1CE0C3AC-33F0-D455-7F26-ACC887A5A43E">
<hideElementsInCurrentOnly>false</hideElementsInCurrentOnly>
<backgroundColor>-16777216</backgroundColor>
<lineWidth>1</lineWidth>
<sourceLabel class="oracle.dbtools.crest.model.design.Label">
<site>0</site>
<labelBounds x="843" y="1021" width="114" height="34"/>
<noBackgroundColor>true</noBackgroundColor>
<noForegroundColor>true</noForegroundColor>
</sourceLabel>
<targetLabel class="oracle.dbtools.crest.model.design.Label">
<site>2</site>
<labelBounds x="169" y="665" width="76" height="34"/>
<noBackgroundColor>true</noBackgroundColor>
<noForegroundColor>true</noForegroundColor>
</targetLabel>
<points>
<point x="843" y="1061"/>
<point x="169" y="625"/>
</points>
</Connector>
<Connector class="oracle.dbtools.crest.swingui.logical.TVRelation" oid="56C19EAD-9C4A-B274-CB5F-2E7C6B195810" otype="Relation" vid_source="0F7909AF-F7B3-2717-39F6-37E00DF8B5BB" vid_target="BCB48ED8-23A8-5FDA-3BC1-06951DD9275B">
<hideElementsInCurrentOnly>false</hideElementsInCurrentOnly>
<backgroundColor>-16777216</backgroundColor>
<lineWidth>1</lineWidth>
<sourceLabel class="oracle.dbtools.crest.model.design.Label">
<site>0</site>
<labelBounds x="1018" y="155" width="61" height="32"/>
<noBackgroundColor>true</noBackgroundColor>
<noForegroundColor>true</noForegroundColor>
</sourceLabel>
<targetLabel class="oracle.dbtools.crest.model.design.Label">
<site>2</site>
<labelBounds x="223" y="190" width="87" height="32"/>
<noBackgroundColor>true</noBackgroundColor>
<noForegroundColor>true</noForegroundColor>
</targetLabel>
<points>
<point x="1085" y="187"/>
<point x="213" y="187"/>
</points>
</Connector>
<Connector class="oracle.dbtools.crest.swingui.logical.TVRelation" oid="5F1E7F3A-6027-6B5E-F570-F5D527F3C547" otype="Relation" vid_source="6026D2B3-4C62-8E2A-7951-ADCFC9107BC5" vid_target="E68BBD8F-E957-F9AA-1D0F-AE8CDEA18F56">
<hideElementsInCurrentOnly>false</hideElementsInCurrentOnly>
<backgroundColor>-16777216</backgroundColor>
<lineWidth>1</lineWidth>
<sourceLabel class="oracle.dbtools.crest.model.design.Label">
<site>0</site>
<labelBounds x="679" y="57" width="59" height="34"/>
<noBackgroundColor>true</noBackgroundColor>
<noForegroundColor>true</noForegroundColor>
</sourceLabel>
<targetLabel class="oracle.dbtools.crest.model.design.Label">
<site>2</site>
<labelBounds x="246" y="207" width="61" height="34"/>
<noBackgroundColor>true</noBackgroundColor>
<noForegroundColor>true</noForegroundColor>
</targetLabel>
<points>
<point x="744" y="57"/>
<point x="236" y="207"/>
</points>
</Connector>
<Connector class="oracle.dbtools.crest.swingui.logical.TVRelation" oid="6D1CB24A-1CF8-7A89-2F91-987E62FFCDC8" otype="Relation" vid_source="A4464C9B-4072-9D3B-2A7F-D393BA436C67" vid_target="0F7909AF-F7B3-2717-39F6-37E00DF8B5BB">
<hideElementsInCurrentOnly>false</hideElementsInCurrentOnly>
<backgroundColor>-16777216</backgroundColor>
<lineWidth>1</lineWidth>
<sourceLabel class="oracle.dbtools.crest.model.design.Label">
<site>0</site>
<labelBounds x="600" y="22" width="76" height="34"/>
<noBackgroundColor>true</noBackgroundColor>
<noForegroundColor>true</noForegroundColor>
</sourceLabel>
<targetLabel class="oracle.dbtools.crest.model.design.Label">
<site>2</site>
<labelBounds x="965" y="59" width="114" height="34"/>
<noBackgroundColor>true</noBackgroundColor>
<noForegroundColor>true</noForegroundColor>
</targetLabel>
<points>
<point x="590" y="56"/>
<point x="1085" y="56"/>
</points>
</Connector>
<Connector class="oracle.dbtools.crest.swingui.logical.TVRelation" oid="70145991-7AD4-E5C1-763E-D61D5351132B" otype="Relation" vid_source="187F46CF-BE36-D3F2-F822-7042E9C890A8" vid_target="7D340BC3-6C87-EF62-9859-F9A3CB2276D3">
<hideElementsInCurrentOnly>false</hideElementsInCurrentOnly>
<backgroundColor>-16777216</backgroundColor>
<lineWidth>1</lineWidth>
<sourceLabel class="oracle.dbtools.crest.model.design.Label">
<site>0</site>
<labelBounds x="573" y="575" width="60" height="34"/>
<noBackgroundColor>true</noBackgroundColor>
<noForegroundColor>true</noForegroundColor>
</sourceLabel>
<targetLabel class="oracle.dbtools.crest.model.design.Label">
<site>2</site>
<labelBounds x="137" y="1076" width="93" height="34"/>
<noBackgroundColor>true</noBackgroundColor>
<noForegroundColor>true</noForegroundColor>
</targetLabel>
<points>
<point x="573" y="655"/>
<point x="137" y="1116"/>
</points>
</Connector>
<Connector class="oracle.dbtools.crest.swingui.logical.TVRelation" oid="74C938B0-150A-5F30-7966-356EBAB376F0" otype="Relation" vid_source="A4464C9B-4072-9D3B-2A7F-D393BA436C67" vid_target="AA247F7C-AD69-3747-6DF8-14FCADEA0AFA">
<hideElementsInCurrentOnly>false</hideElementsInCurrentOnly>
<backgroundColor>-16777216</backgroundColor>
<lineWidth>1</lineWidth>
<sourceLabel class="oracle.dbtools.crest.model.design.Label">
<site>0</site>
<labelBounds x="600" y="48" width="32" height="32"/>
<noBackgroundColor>true</noBackgroundColor>
<noForegroundColor>true</noForegroundColor>
</sourceLabel>
<targetLabel class="oracle.dbtools.crest.model.design.Label">
<site>2</site>
<labelBounds x="1244" y="83" width="40" height="32"/>
<noBackgroundColor>true</noBackgroundColor>
<noForegroundColor>true</noForegroundColor>
</targetLabel>
<points>
<point x="590" y="80"/>
<point x="1290" y="80"/>
</points>
</Connector>
<Connector class="oracle.dbtools.crest.swingui.logical.TVRelation" oid="7CA07BFB-E8FD-D2A5-7469-CA9C29A8C903" otype="Relation" vid_source="187F46CF-BE36-D3F2-F822-7042E9C890A8" vid_target="7BEDC91C-3814-7345-A0CF-D3B42E6BBE28">
<hideElementsInCurrentOnly>false</hideElementsInCurrentOnly>
<backgroundColor>-16777216</backgroundColor>
<lineWidth>1</lineWidth>
<sourceLabel class="oracle.dbtools.crest.model.design.Label">
<site>0</site>
<labelBounds x="704" y="575" width="77" height="34"/>
<noBackgroundColor>true</noBackgroundColor>
<noForegroundColor>true</noForegroundColor>
</sourceLabel>
<targetLabel class="oracle.dbtools.crest.model.design.Label">
<site>2</site>
<labelBounds x="902" y="1021" width="59" height="34"/>
<noBackgroundColor>true</noBackgroundColor>
<noForegroundColor>true</noForegroundColor>
</targetLabel>
<points>
<point x="722" y="675"/>
<point x="902" y="1061"/>
</points>
</Connector>
<Connector class="oracle.dbtools.crest.swingui.logical.TVInheritanceRelation" oid="85473C17-6833-2EE2-516A-C34F9D3DDB01" otype="Hierarchy relation" vid_source="E68BBD8F-E957-F9AA-1D0F-AE8CDEA18F56" vid_target="BCB48ED8-23A8-5FDA-3BC1-06951DD9275B">
<hideElementsInCurrentOnly>false</hideElementsInCurrentOnly>
<backgroundColor>-65536</backgroundColor>
<lineWidth>1</lineWidth>
</Connector>
<Connector class="oracle.dbtools.crest.swingui.logical.TVRelation" oid="8B10FB2D-DBA5-31F3-B82F-7E2D06DEE067" otype="Relation" vid_source="187F46CF-BE36-D3F2-F822-7042E9C890A8" vid_target="0F7909AF-F7B3-2717-39F6-37E00DF8B5BB">
<hideElementsInCurrentOnly>false</hideElementsInCurrentOnly>
<backgroundColor>-16777216</backgroundColor>
<lineWidth>1</lineWidth>
<sourceLabel class="oracle.dbtools.crest.model.design.Label">
<site>0</site>
<labelBounds x="702" y="257" width="76" height="34"/>
<noBackgroundColor>true</noBackgroundColor>
<noForegroundColor>true</noForegroundColor>
</sourceLabel>
<targetLabel class="oracle.dbtools.crest.model.design.Label">
<site>2</site>
<labelBounds x="965" y="184" width="114" height="34"/>
<noBackgroundColor>true</noBackgroundColor>
<noForegroundColor>true</noForegroundColor>
</targetLabel>
<points>
<point x="762" y="471"/>
<point x="1085" y="184"/>
</points>
</Connector>
<Connector class="oracle.dbtools.crest.swingui.logical.TVRelation" oid="978635D5-2EA4-1AF3-B1BF-A91B3BEB32EA" otype="Relation" vid_source="7BEDC91C-3814-7345-A0CF-D3B42E6BBE28" vid_target="59B38EED-23A7-945D-7B60-BD3811E784E5">
<hideElementsInCurrentOnly>false</hideElementsInCurrentOnly>
<backgroundColor>-16777216</backgroundColor>
<lineWidth>1</lineWidth>
<sourceLabel class="oracle.dbtools.crest.model.design.Label">
<site>0</site>
<labelBounds x="956" y="1021" width="62" height="34"/>
<noBackgroundColor>true</noBackgroundColor>
<noForegroundColor>true</noForegroundColor>
</sourceLabel>
<targetLabel class="oracle.dbtools.crest.model.design.Label">
<site>2</site>
<labelBounds x="1202" y="622" width="90" height="34"/>
<noBackgroundColor>true</noBackgroundColor>
<noForegroundColor>true</noForegroundColor>
</targetLabel>
<points>
<point x="956" y="1061"/>
<point x="1202" y="582"/>
</points>
</Connector>
<Connector class="oracle.dbtools.crest.swingui.logical.TVInheritanceRelation" oid="A5D5EAD1-97B1-5123-0541-4213E2A4B6F8" otype="Hierarchy relation" vid_source="7BEDC91C-3814-7345-A0CF-D3B42E6BBE28" vid_target="A5DF92D8-8AF6-0A6E-4333-3223B695A03D">
<hideElementsInCurrentOnly>false</hideElementsInCurrentOnly>
<backgroundColor>-65536</backgroundColor>
<lineWidth>1</lineWidth>
</Connector>
<Connector class="oracle.dbtools.crest.swingui.logical.TVRelation" oid="A7732CCC-0F0C-145F-27BE-FF7E2B957D91" otype="Relation" vid_source="187F46CF-BE36-D3F2-F822-7042E9C890A8" vid_target="E68BBD8F-E957-F9AA-1D0F-AE8CDEA18F56">
<hideElementsInCurrentOnly>false</hideElementsInCurrentOnly>
<backgroundColor>-16777216</backgroundColor>
<lineWidth>1</lineWidth>
<sourceLabel class="oracle.dbtools.crest.model.design.Label">
<site>0</site>
<labelBounds x="534" y="496" width="33" height="28"/>
<noBackgroundColor>true</noBackgroundColor>
<noForegroundColor>true</noForegroundColor>
</sourceLabel>
<targetLabel class="oracle.dbtools.crest.model.design.Label">
<site>2</site>
<labelBounds x="246" y="285" width="66" height="28"/>
<noBackgroundColor>true</noBackgroundColor>
<noForegroundColor>true</noForegroundColor>
</targetLabel>
<points>
<point x="573" y="496"/>
<point x="236" y="285"/>
</points>
</Connector>
<Connector class="oracle.dbtools.crest.swingui.logical.TVRelation" oid="A8EDDA21-0FBD-EEEB-44B7-620AD45F738C" otype="Relation" vid_source="1CE0C3AC-33F0-D455-7F26-ACC887A5A43E" vid_target="9D300285-13E4-CF2A-6B51-E87AC32E6EF4">
<hideElementsInCurrentOnly>false</hideElementsInCurrentOnly>
<backgroundColor>-16777216</backgroundColor>
<lineWidth>1</lineWidth>
<sourceLabel class="oracle.dbtools.crest.model.design.Label">
<site>0</site>
<labelBounds x="34" y="475" width="114" height="34"/>
<noBackgroundColor>true</noBackgroundColor>
<noForegroundColor>true</noForegroundColor>
</sourceLabel>
<targetLabel class="oracle.dbtools.crest.model.design.Label">
<site>2</site>
<labelBounds x="143" y="320" width="80" height="34"/>
<noBackgroundColor>true</noBackgroundColor>
<noForegroundColor>true</noForegroundColor>
</targetLabel>
<points>
<point x="34" y="515"/>
<point x="143" y="280"/>
</points>
</Connector>
<Connector class="oracle.dbtools.crest.swingui.logical.TVRelation" oid="C5AA66EE-1338-85F7-80DA-9D95C99D8ACB" otype="Relation" vid_source="7BEDC91C-3814-7345-A0CF-D3B42E6BBE28" vid_target="187F46CF-BE36-D3F2-F822-7042E9C890A8">
<hideElementsInCurrentOnly>false</hideElementsInCurrentOnly>
<backgroundColor>-16777216</backgroundColor>
<lineWidth>1</lineWidth>
<sourceLabel class="oracle.dbtools.crest.model.design.Label">
<site>0</site>
<labelBounds x="902" y="1021" width="66" height="34"/>
<noBackgroundColor>true</noBackgroundColor>
<noForegroundColor>true</noForegroundColor>
</sourceLabel>
<targetLabel class="oracle.dbtools.crest.model.design.Label">
<site>2</site>
<labelBounds x="598" y="575" width="94" height="34"/>
<noBackgroundColor>true</noBackgroundColor>
<noForegroundColor>true</noForegroundColor>
</targetLabel>
<points>
<point x="902" y="1061"/>
<point x="707" y="675"/>
</points>
</Connector>
<Connector class="oracle.dbtools.crest.swingui.logical.TVRelation" oid="DD6FF66B-5DFC-ABAA-3299-C8F97EB216D0" otype="Relation" vid_source="187F46CF-BE36-D3F2-F822-7042E9C890A8" vid_target="024F57E0-74EC-FA29-8B1D-A6A435AA2BF1">
<hideElementsInCurrentOnly>false</hideElementsInCurrentOnly>
<backgroundColor>-16777216</backgroundColor>
<lineWidth>1</lineWidth>
<sourceLabel class="oracle.dbtools.crest.model.design.Label">
<site>0</site>
<labelBounds x="484" y="413" width="45" height="34"/>
<noBackgroundColor>true</noBackgroundColor>
<noForegroundColor>true</noForegroundColor>
</sourceLabel>
<targetLabel class="oracle.dbtools.crest.model.design.Label">
<site>2</site>
<labelBounds x="149" y="799" width="75" height="34"/>
<noBackgroundColor>true</noBackgroundColor>
<noForegroundColor>true</noForegroundColor>
</targetLabel>
<points>
<point x="573" y="607"/>
<point x="149" y="839"/>
</points>
</Connector>
<Connector class="oracle.dbtools.crest.swingui.logical.TVInheritanceRelation" oid="E50240AF-9DEA-432B-243A-3FC0524C90BB" otype="Hierarchy relation" vid_source="59B38EED-23A7-945D-7B60-BD3811E784E5" vid_target="77DE040C-4E64-4F4A-2CC3-0CA54327F2E5">
<hideElementsInCurrentOnly>false</hideElementsInCurrentOnly>
<backgroundColor>-65536</backgroundColor>
<lineWidth>1</lineWidth>
</Connector>
<Connector class="oracle.dbtools.crest.swingui.logical.TVRelation" oid="F3A83E5F-1B46-715C-826C-A1F7D84C3FF9" otype="Relation" vid_source="1CE0C3AC-33F0-D455-7F26-ACC887A5A43E" vid_target="0F7909AF-F7B3-2717-39F6-37E00DF8B5BB">
<hideElementsInCurrentOnly>false</hideElementsInCurrentOnly>
<backgroundColor>-16777216</backgroundColor>
<lineWidth>1</lineWidth>
<sourceLabel class="oracle.dbtools.crest.model.design.Label">
<site>0</site>
<labelBounds x="180" y="533" width="53" height="34"/>
<noBackgroundColor>true</noBackgroundColor>
<noForegroundColor>true</noForegroundColor>
</sourceLabel>
<targetLabel class="oracle.dbtools.crest.model.design.Label">
<site>2</site>
<labelBounds x="993" y="122" width="86" height="34"/>
<noBackgroundColor>true</noBackgroundColor>
<noForegroundColor>true</noForegroundColor>
</targetLabel>
<points>
<point x="170" y="533"/>
<point x="1085" y="122"/>
</points>
</Connector>
<Connector class="oracle.dbtools.crest.swingui.logical.TVRelation" oid="FE04D80B-2933-5F93-6B1B-1207C9495480" otype="Relation" vid_source="A5DF92D8-8AF6-0A6E-4333-3223B695A03D" vid_target="1CE0C3AC-33F0-D455-7F26-ACC887A5A43E">
<hideElementsInCurrentOnly>false</hideElementsInCurrentOnly>
<backgroundColor>-16777216</backgroundColor>
<lineWidth>1</lineWidth>
<sourceLabel class="oracle.dbtools.crest.model.design.Label">
<site>0</site>
<labelBounds x="733" y="1031" width="114" height="34"/>
<noBackgroundColor>true</noBackgroundColor>
<noForegroundColor>true</noForegroundColor>
</sourceLabel>
<targetLabel class="oracle.dbtools.crest.model.design.Label">
<site>2</site>
<labelBounds x="165" y="475" width="76" height="34"/>
<noBackgroundColor>true</noBackgroundColor>
<noForegroundColor>true</noForegroundColor>
</targetLabel>
<points>
<point x="853" y="1071"/>
<point x="165" y="515"/>
</points>
</Connector>
</connectors>
<displays>
<Display class="oracle.dbtools.crest.swingui.logical.DPVLogical" name="Display_1" id="5C182A06-7781-D7DD-7EEC-C7EB8F794860">
<createdBy>ectro</createdBy>
<modifiedBy>ectro</modifiedBy>
<createdTime>2021-02-16 00:42:04 UTC</createdTime>
<autoRoute>false</autoRoute>
<boxInbox>false</boxInbox>
<showLegend>false</showLegend>
<showLabels>true</showLabels>
<showRelAttributes>false</showRelAttributes>
<gridEnabled>false</gridEnabled>
<showGrid>false</showGrid>
<diagramColor>-1</diagramColor>
<display>true</display>
<notation>2</notation>
<showAllDetails>false</showAllDetails>
<showElements>true</showElements>
<objectViews>
<OView class="oracle.dbtools.crest.swingui.logical.TVEntity" oid="030A84F3-9BD9-5F69-3B15-E0B0F19CCB8D" otype="Entity" vid="F15876E9-7BEE-854A-6209-A3DC32117A56">
<hideElementsInCurrentOnly>false</hideElementsInCurrentOnly>
<bounds x="1868" y="1246" width="182" height="125"/>
</OView>
<OView class="oracle.dbtools.crest.swingui.logical.TVEntity" oid="12055CBA-AD1B-9ABB-620F-548B5547CF0A" otype="Entity" vid="CF24B03E-764D-1750-4820-B64E6771C945">
<hideElementsInCurrentOnly>false</hideElementsInCurrentOnly>
<bounds x="1665" y="833" width="179" height="50"/>
</OView>
<OView class="oracle.dbtools.crest.swingui.logical.TVEntity" oid="1308990B-43B7-FAE3-752B-3888A5FEF9C5" otype="Entity" vid="B4C1E519-3DDB-8C7A-0C68-3C0923A3EE4E">
<hideElementsInCurrentOnly>false</hideElementsInCurrentOnly>
<bounds x="986" y="1564" width="170" height="116"/>
</OView>
<OView class="oracle.dbtools.crest.swingui.logical.TVEntity" oid="3EE36506-96EF-52B0-004E-4DB08030440C" otype="Entity" vid="1CE2AE6A-665D-01CF-1156-39EC2B8D1C63">
<hideElementsInCurrentOnly>false</hideElementsInCurrentOnly>
<bounds x="1470" y="1717" width="170" height="114"/>
</OView>
<OView class="oracle.dbtools.crest.swingui.logical.TVEntity" oid="40D4574A-A0D7-D527-6D6C-A3C0FE2AE5BE" otype="Entity" vid="335B21DD-8C97-587B-627F-6CA53F21F2D1">
<hideElementsInCurrentOnly>false</hideElementsInCurrentOnly>
<bounds x="846" y="522" width="152" height="92"/>
</OView>
<OView class="oracle.dbtools.crest.swingui.logical.TVEntity" oid="40FF6622-DFBD-CD55-BEAF-B8559B01AF4C" otype="Entity" vid="6EC6313E-1F54-1F83-A951-2085A7A94DC6">
<hideElementsInCurrentOnly>false</hideElementsInCurrentOnly>
<bounds x="668" y="1230" width="170" height="94"/>
</OView>
<OView class="oracle.dbtools.crest.swingui.logical.TVEntity" oid="4391C959-7A48-CFCD-368E-5EBFE847A501" otype="Entity" vid="18837B3F-7C5B-9758-E7D4-52FFCB4C9930">
<hideElementsInCurrentOnly>false</hideElementsInCurrentOnly>
<bounds x="1123" y="451" width="170" height="70"/>
</OView>
<OView class="oracle.dbtools.crest.swingui.logical.TVEntity" oid="481C5324-E4BB-C866-DB2A-86EBFC7CFEF2" otype="Entity" vid="4853D395-324F-32C2-B3CB-89076E32C2FF">
<hideElementsInCurrentOnly>false</hideElementsInCurrentOnly>
<bounds x="1039" y="1309" width="189" height="154"/>
</OView>
<OView class="oracle.dbtools.crest.swingui.logical.TVEntity" oid="8487D8DB-E101-5F45-EEF8-202244707620" otype="Entity" vid="47D5EBE8-5050-623A-5CE8-E4C081323D17">
<hideElementsInCurrentOnly>false</hideElementsInCurrentOnly>
<bounds x="957" y="689" width="170" height="67"/>
</OView>
<OView class="oracle.dbtools.crest.swingui.logical.TVEntity" oid="9D570C9F-F5D1-F8A6-CFC5-2FAE3416151F" otype="Entity" vid="4C8793DF-A622-9372-E417-23465BBABC04">
<hideElementsInCurrentOnly>false</hideElementsInCurrentOnly>
<bounds x="1376" y="630" width="208" height="158"/>
</OView>
<OView class="oracle.dbtools.crest.swingui.logical.TVEntity" oid="A371B8D4-266C-5D4D-3CBB-BDD5C2FCEBC8" otype="Entity" vid="B91766D7-4D22-7A19-081B-A7CDC25099B8">
<hideElementsInCurrentOnly>false</hideElementsInCurrentOnly>
<bounds x="325" y="813" width="276" height="249"/>
</OView>
<OView class="oracle.dbtools.crest.swingui.logical.TVEntity" oid="B87E5B46-213A-943F-33C1-0E59D85FDABB" otype="Entity" vid="015686C4-8797-7B9B-6ACD-C412E72870A9">
<hideElementsInCurrentOnly>false</hideElementsInCurrentOnly>
<bounds x="1411" y="1222" width="196" height="156"/>
</OView>
<OView class="oracle.dbtools.crest.swingui.logical.TVEntity" oid="BE709B2C-C5BD-4E8A-AC09-C489D3AD1ED8" otype="Entity" vid="6B204883-C30C-4835-B740-787ADECFBDB7">
<hideElementsInCurrentOnly>false</hideElementsInCurrentOnly>
<bounds x="979" y="900" width="168" height="83"/>
</OView>
<OView class="oracle.dbtools.crest.swingui.logical.TVEntity" oid="CBC84BCF-A1C0-43B1-3D80-A531115F9006" otype="Entity" vid="1ABE8502-EA08-7EC2-F874-EDD08D64BD3F">
<hideElementsInCurrentOnly>false</hideElementsInCurrentOnly>
<bounds x="955" y="1767" width="170" height="63"/>
</OView>
<OView class="oracle.dbtools.crest.swingui.logical.TVEntity" oid="CF7C59C3-1984-0AF4-58B4-27435F3CCADD" otype="Entity" vid="C2EA212E-C95F-3D66-A88C-903B6750E710">
<hideElementsInCurrentOnly>false</hideElementsInCurrentOnly>
<bounds x="1497" y="1066" width="136" height="44"/>
</OView>
<OView class="oracle.dbtools.crest.swingui.logical.TVEntity" oid="DB7C85CD-6666-435E-10AE-3E58D2B21C20" otype="Entity" vid="AC26C976-C93D-A6E8-9001-BE583E68DBC1">
<hideElementsInCurrentOnly>false</hideElementsInCurrentOnly>
<bounds x="1184" y="800" width="170" height="97"/>
</OView>
</objectViews>
<connectors>
<Connector class="oracle.dbtools.crest.swingui.logical.TVRelation" oid="01888A7D-91B2-D920-DE02-8806AE53BE88" otype="Relation" vid_source="335B21DD-8C97-587B-627F-6CA53F21F2D1" vid_target="47D5EBE8-5050-623A-5CE8-E4C081323D17">
<hideElementsInCurrentOnly>false</hideElementsInCurrentOnly>
<backgroundColor>-16777216</backgroundColor>
<lineWidth>1</lineWidth>
<sourceLabel class="oracle.dbtools.crest.model.design.Label">
<site>0</site>
<labelBounds x="986" y="636" width="48" height="24"/>
<noBackgroundColor>true</noBackgroundColor>
<noForegroundColor>true</noForegroundColor>
</sourceLabel>
<targetLabel class="oracle.dbtools.crest.model.design.Label">
<site>2</site>
<labelBounds x="986" y="659" width="70" height="24"/>
<noBackgroundColor>true</noBackgroundColor>
<noForegroundColor>true</noForegroundColor>
</targetLabel>
<points>
<point x="986" y="614"/>
<point x="986" y="689"/>
</points>
</Connector>
<Connector class="oracle.dbtools.crest.swingui.logical.TVRelation" oid="04A317FC-2DB7-FCC6-9312-0DB45EFBFC3C" otype="Relation" vid_source="335B21DD-8C97-587B-627F-6CA53F21F2D1" vid_target="4C8793DF-A622-9372-E417-23465BBABC04">
<hideElementsInCurrentOnly>false</hideElementsInCurrentOnly>
<backgroundColor>-16777216</backgroundColor>
<lineWidth>1</lineWidth>
<sourceLabel class="oracle.dbtools.crest.model.design.Label">
<site>0</site>
<labelBounds x="1026" y="586" width="36" height="24"/>
<noBackgroundColor>true</noBackgroundColor>
<noForegroundColor>true</noForegroundColor>
</sourceLabel>
<targetLabel class="oracle.dbtools.crest.model.design.Label">
<site>2</site>
<labelBounds x="1306" y="681" width="64" height="24"/>
<noBackgroundColor>true</noBackgroundColor>
<noForegroundColor>true</noForegroundColor>
</targetLabel>
<points>
<point x="998" y="586"/>
<point x="1376" y="681"/>
</points>
</Connector>
<Connector class="oracle.dbtools.crest.swingui.logical.TVRelation" oid="04F5DC42-FCAF-B970-9CBD-AE57C5A132DC" otype="Relation" vid_source="18837B3F-7C5B-9758-E7D4-52FFCB4C9930" vid_target="4C8793DF-A622-9372-E417-23465BBABC04">
<hideElementsInCurrentOnly>false</hideElementsInCurrentOnly>
<backgroundColor>-16777216</backgroundColor>
<lineWidth>1</lineWidth>
<sourceLabel class="oracle.dbtools.crest.model.design.Label">
<site>0</site>
<labelBounds x="1250" y="559" width="45" height="32"/>
<noBackgroundColor>true</noBackgroundColor>
<noForegroundColor>true</noForegroundColor>
</sourceLabel>
<targetLabel class="oracle.dbtools.crest.model.design.Label">
<site>2</site>
<labelBounds x="1383" y="592" width="77" height="32"/>
<noBackgroundColor>true</noBackgroundColor>
<noForegroundColor>true</noForegroundColor>
</targetLabel>
<points>
<point x="1250" y="521"/>
<point x="1383" y="630"/>
</points>
</Connector>
<Connector class="oracle.dbtools.crest.swingui.logical.TVRelation" oid="0F417AF3-996B-8E6C-B0C6-D51813C282DF" otype="Relation" vid_source="6EC6313E-1F54-1F83-A951-2085A7A94DC6" vid_target="B91766D7-4D22-7A19-081B-A7CDC25099B8">
<hideElementsInCurrentOnly>false</hideElementsInCurrentOnly>
<backgroundColor>-16777216</backgroundColor>
<lineWidth>1</lineWidth>
<sourceLabel class="oracle.dbtools.crest.model.design.Label">
<site>0</site>
<labelBounds x="712" y="1200" width="70" height="24"/>
<noBackgroundColor>true</noBackgroundColor>
<noForegroundColor>true</noForegroundColor>
</sourceLabel>
<targetLabel class="oracle.dbtools.crest.model.design.Label">
<site>2</site>
<labelBounds x="569" y="1092" width="40" height="24"/>
<noBackgroundColor>true</noBackgroundColor>
<noForegroundColor>true</noForegroundColor>
</targetLabel>
<points>
<point x="712" y="1230"/>
<point x="569" y="1062"/>
</points>
</Connector>
<Connector class="oracle.dbtools.crest.swingui.logical.TVRelation" oid="11ADCE29-ADCA-C4C6-0916-C8AD6C6553FE" otype="Relation" vid_source="C2EA212E-C95F-3D66-A88C-903B6750E710" vid_target="CF24B03E-764D-1750-4820-B64E6771C945">
<hideElementsInCurrentOnly>false</hideElementsInCurrentOnly>
<backgroundColor>-16777216</backgroundColor>
<lineWidth>1</lineWidth>
<sourceLabel class="oracle.dbtools.crest.model.design.Label">
<site>0</site>
<labelBounds x="1583" y="1036" width="65" height="24"/>
<noBackgroundColor>true</noBackgroundColor>
<noForegroundColor>true</noForegroundColor>
</sourceLabel>
<targetLabel class="oracle.dbtools.crest.model.design.Label">
<site>2</site>
<labelBounds x="1668" y="913" width="94" height="24"/>
<noBackgroundColor>true</noBackgroundColor>
<noForegroundColor>true</noForegroundColor>
</targetLabel>
<points>
<point x="1583" y="1066"/>
<point x="1668" y="883"/>
</points>
</Connector>
<Connector class="oracle.dbtools.crest.swingui.logical.TVRelation" oid="1D918CC7-E083-A0C2-BC80-AE93E996369D" otype="Relation" vid_source="AC26C976-C93D-A6E8-9001-BE583E68DBC1" vid_target="015686C4-8797-7B9B-6ACD-C412E72870A9">
<hideElementsInCurrentOnly>false</hideElementsInCurrentOnly>
<backgroundColor>-16777216</backgroundColor>
<lineWidth>1</lineWidth>
<sourceLabel class="oracle.dbtools.crest.model.design.Label">
<site>0</site>
<labelBounds x="1295" y="931" width="67" height="28"/>
<noBackgroundColor>true</noBackgroundColor>
<noForegroundColor>true</noForegroundColor>
</sourceLabel>
<targetLabel class="oracle.dbtools.crest.model.design.Label">
<site>2</site>
<labelBounds x="1447" y="1188" width="43" height="28"/>
<noBackgroundColor>true</noBackgroundColor>
<noForegroundColor>true</noForegroundColor>
</targetLabel>
<points>
<point x="1295" y="897"/>
<point x="1447" y="1222"/>
</points>
</Connector>
<Connector class="oracle.dbtools.crest.swingui.logical.TVRelation" oid="1EEB5ADD-9A5A-A276-C812-3F66C5F57055" otype="Relation" vid_source="1CE2AE6A-665D-01CF-1156-39EC2B8D1C63" vid_target="4853D395-324F-32C2-B3CB-89076E32C2FF">
<hideElementsInCurrentOnly>false</hideElementsInCurrentOnly>
<backgroundColor>-16777216</backgroundColor>
<lineWidth>1</lineWidth>
<sourceLabel class="oracle.dbtools.crest.model.design.Label">
<site>0</site>
<labelBounds x="1493" y="1687" width="87" height="24"/>
<noBackgroundColor>true</noBackgroundColor>
<noForegroundColor>true</noForegroundColor>
</sourceLabel>
<targetLabel class="oracle.dbtools.crest.model.design.Label">
<site>2</site>
<labelBounds x="1217" y="1493" width="109" height="24"/>
<noBackgroundColor>true</noBackgroundColor>
<noForegroundColor>true</noForegroundColor>
</targetLabel>
<points>
<point x="1493" y="1717"/>
<point x="1217" y="1463"/>
</points>
</Connector>
<Connector class="oracle.dbtools.crest.swingui.logical.TVRelation" oid="345EFF3F-AF75-6AA3-7EAB-42B29E1DCB3D" otype="Relation" vid_source="1ABE8502-EA08-7EC2-F874-EDD08D64BD3F" vid_target="B91766D7-4D22-7A19-081B-A7CDC25099B8">
<hideElementsInCurrentOnly>false</hideElementsInCurrentOnly>
<backgroundColor>-16777216</backgroundColor>
<lineWidth>1</lineWidth>
<sourceLabel class="oracle.dbtools.crest.model.design.Label">
<site>0</site>
<labelBounds x="1018" y="1733" width="59" height="28"/>
<noBackgroundColor>true</noBackgroundColor>
<noForegroundColor>true</noForegroundColor>
</sourceLabel>
<targetLabel class="oracle.dbtools.crest.model.design.Label">
<site>2</site>
<labelBounds x="376" y="1096" width="51" height="28"/>
<noBackgroundColor>true</noBackgroundColor>
<noForegroundColor>true</noForegroundColor>
</targetLabel>
<points>
<point x="1018" y="1767"/>
<point x="376" y="1062"/>
</points>
</Connector>
<Connector class="oracle.dbtools.crest.swingui.logical.TVInheritanceRelation" oid="3B44B797-10FB-450B-ECE4-9FA01E3EA11A" otype="Hierarchy relation" vid_source="4C8793DF-A622-9372-E417-23465BBABC04" vid_target="CF24B03E-764D-1750-4820-B64E6771C945">
<hideElementsInCurrentOnly>false</hideElementsInCurrentOnly>
<backgroundColor>-65536</backgroundColor>
<lineWidth>1</lineWidth>
<points>
<point x="1584" y="765"/>
<point x="1708" y="833"/>
</points>
</Connector>
<Connector class="oracle.dbtools.crest.swingui.logical.TVInheritanceRelation" oid="4871120B-22DE-91F0-CA16-FA74AD8EED06" otype="Hierarchy relation" vid_source="4C8793DF-A622-9372-E417-23465BBABC04" vid_target="AC26C976-C93D-A6E8-9001-BE583E68DBC1">
<hideElementsInCurrentOnly>false</hideElementsInCurrentOnly>
<backgroundColor>-65536</backgroundColor>
<lineWidth>1</lineWidth>
<points>
<point x="1376" y="777"/>
<point x="1342" y="800"/>
</points>
</Connector>
<Connector class="oracle.dbtools.crest.swingui.logical.TVRelation" oid="549942D5-E8B7-8798-4311-A6777182C64D" otype="Relation" vid_source="B4C1E519-3DDB-8C7A-0C68-3C0923A3EE4E" vid_target="1CE2AE6A-665D-01CF-1156-39EC2B8D1C63">
<hideElementsInCurrentOnly>false</hideElementsInCurrentOnly>
<backgroundColor>-16777216</backgroundColor>
<lineWidth>1</lineWidth>
<sourceLabel class="oracle.dbtools.crest.model.design.Label">
<site>0</site>
<labelBounds x="1166" y="1648" width="89" height="24"/>
<noBackgroundColor>true</noBackgroundColor>
<noForegroundColor>true</noForegroundColor>
</sourceLabel>
<targetLabel class="oracle.dbtools.crest.model.design.Label">
<site>2</site>
<labelBounds x="1413" y="1747" width="51" height="24"/>
<noBackgroundColor>true</noBackgroundColor>
<noForegroundColor>true</noForegroundColor>
</targetLabel>
<points>
<point x="1156" y="1648"/>
<point x="1470" y="1747"/>
</points>
</Connector>
<Connector class="oracle.dbtools.crest.swingui.logical.TVRelation" oid="550E2B53-BBB2-D485-8969-64A47B2B09D9" otype="Relation" vid_source="015686C4-8797-7B9B-6ACD-C412E72870A9" vid_target="F15876E9-7BEE-854A-6209-A3DC32117A56">
<hideElementsInCurrentOnly>false</hideElementsInCurrentOnly>
<backgroundColor>-16777216</backgroundColor>
<lineWidth>1</lineWidth>
<sourceLabel class="oracle.dbtools.crest.model.design.Label">
<site>0</site>
<labelBounds x="1617" y="1296" width="109" height="24"/>
<noBackgroundColor>true</noBackgroundColor>
<noForegroundColor>true</noForegroundColor>
</sourceLabel>
<targetLabel class="oracle.dbtools.crest.model.design.Label">
<site>2</site>
<labelBounds x="1791" y="1347" width="71" height="24"/>
<noBackgroundColor>true</noBackgroundColor>
<noForegroundColor>true</noForegroundColor>
</targetLabel>
<points>
<point x="1607" y="1296"/>
<point x="1868" y="1347"/>
</points>
</Connector>
<Connector class="oracle.dbtools.crest.swingui.logical.TVRelation" oid="56C19EAD-9C4A-B274-CB5F-2E7C6B195810" otype="Relation" vid_source="B91766D7-4D22-7A19-081B-A7CDC25099B8" vid_target="6B204883-C30C-4835-B740-787ADECFBDB7">
<hideElementsInCurrentOnly>false</hideElementsInCurrentOnly>
<backgroundColor>-16777216</backgroundColor>
<lineWidth>1</lineWidth>
<sourceLabel class="oracle.dbtools.crest.model.design.Label">
<site>0</site>
<labelBounds x="611" y="911" width="61" height="32"/>
<noBackgroundColor>true</noBackgroundColor>
<noForegroundColor>true</noForegroundColor>
</sourceLabel>
<targetLabel class="oracle.dbtools.crest.model.design.Label">
<site>2</site>
<labelBounds x="886" y="956" width="87" height="32"/>
<noBackgroundColor>true</noBackgroundColor>
<noForegroundColor>true</noForegroundColor>
</targetLabel>
<points>
<point x="601" y="911"/>
<point x="979" y="956"/>
</points>
</Connector>
<Connector class="oracle.dbtools.crest.swingui.logical.TVRelation" oid="5F1E7F3A-6027-6B5E-F570-F5D527F3C547" otype="Relation" vid_source="47D5EBE8-5050-623A-5CE8-E4C081323D17" vid_target="AC26C976-C93D-A6E8-9001-BE583E68DBC1">
<hideElementsInCurrentOnly>false</hideElementsInCurrentOnly>
<backgroundColor>-16777216</backgroundColor>
<lineWidth>1</lineWidth>
<sourceLabel class="oracle.dbtools.crest.model.design.Label">
<site>0</site>
<labelBounds x="1137" y="738" width="54" height="24"/>
<noBackgroundColor>true</noBackgroundColor>
<noForegroundColor>true</noForegroundColor>
</sourceLabel>
<targetLabel class="oracle.dbtools.crest.model.design.Label">
<site>2</site>
<labelBounds x="1199" y="770" width="56" height="24"/>
<noBackgroundColor>true</noBackgroundColor>
<noForegroundColor>true</noForegroundColor>
</targetLabel>
<points>
<point x="1127" y="738"/>
<point x="1199" y="800"/>
</points>
</Connector>
<Connector class="oracle.dbtools.crest.swingui.logical.TVRelation" oid="6D1CB24A-1CF8-7A89-2F91-987E62FFCDC8" otype="Relation" vid_source="335B21DD-8C97-587B-627F-6CA53F21F2D1" vid_target="B91766D7-4D22-7A19-081B-A7CDC25099B8">
<hideElementsInCurrentOnly>false</hideElementsInCurrentOnly>
<backgroundColor>-16777216</backgroundColor>
<lineWidth>1</lineWidth>
<sourceLabel class="oracle.dbtools.crest.model.design.Label">
<site>0</site>
<labelBounds x="878" y="636" width="71" height="24"/>
<noBackgroundColor>true</noBackgroundColor>
<noForegroundColor>true</noForegroundColor>
</sourceLabel>
<targetLabel class="oracle.dbtools.crest.model.design.Label">
<site>2</site>
<labelBounds x="611" y="827" width="109" height="24"/>
<noBackgroundColor>true</noBackgroundColor>
<noForegroundColor>true</noForegroundColor>
</targetLabel>
<points>
<point x="878" y="614"/>
<point x="601" y="827"/>
</points>
</Connector>
<Connector class="oracle.dbtools.crest.swingui.logical.TVRelation" oid="70145991-7AD4-E5C1-763E-D61D5351132B" otype="Relation" vid_source="4853D395-324F-32C2-B3CB-89076E32C2FF" vid_target="B4C1E519-3DDB-8C7A-0C68-3C0923A3EE4E">
<hideElementsInCurrentOnly>false</hideElementsInCurrentOnly>
<backgroundColor>-16777216</backgroundColor>
<lineWidth>1</lineWidth>
<sourceLabel class="oracle.dbtools.crest.model.design.Label">
<site>0</site>
<labelBounds x="1097" y="1501" width="55" height="24"/>
<noBackgroundColor>true</noBackgroundColor>
<noForegroundColor>true</noForegroundColor>
</sourceLabel>
<targetLabel class="oracle.dbtools.crest.model.design.Label">
<site>2</site>
<labelBounds x="1097" y="1526" width="88" height="24"/>
<noBackgroundColor>true</noBackgroundColor>
<noForegroundColor>true</noForegroundColor>
</targetLabel>
<points>
<point x="1097" y="1463"/>
<point x="1097" y="1564"/>
</points>
</Connector>
<Connector class="oracle.dbtools.crest.swingui.logical.TVRelation" oid="74C938B0-150A-5F30-7966-356EBAB376F0" otype="Relation" vid_source="335B21DD-8C97-587B-627F-6CA53F21F2D1" vid_target="18837B3F-7C5B-9758-E7D4-52FFCB4C9930">
<hideElementsInCurrentOnly>false</hideElementsInCurrentOnly>
<backgroundColor>-16777216</backgroundColor>
<lineWidth>1</lineWidth>
<sourceLabel class="oracle.dbtools.crest.model.design.Label">
<site>0</site>
<labelBounds x="1008" y="546" width="32" height="32"/>
<noBackgroundColor>true</noBackgroundColor>
<noForegroundColor>true</noForegroundColor>
</sourceLabel>
<targetLabel class="oracle.dbtools.crest.model.design.Label">
<site>2</site>
<labelBounds x="1076" y="495" width="41" height="32"/>
<noBackgroundColor>true</noBackgroundColor>
<noForegroundColor>true</noForegroundColor>
</targetLabel>
<points>
<point x="998" y="546"/>
<point x="1123" y="495"/>
</points>
</Connector>
<Connector class="oracle.dbtools.crest.swingui.logical.TVRelation" oid="7CA07BFB-E8FD-D2A5-7469-CA9C29A8C903" otype="Relation" vid_source="4853D395-324F-32C2-B3CB-89076E32C2FF" vid_target="015686C4-8797-7B9B-6ACD-C412E72870A9">
<hideElementsInCurrentOnly>false</hideElementsInCurrentOnly>
<backgroundColor>-16777216</backgroundColor>
<lineWidth>1</lineWidth>
<sourceLabel class="oracle.dbtools.crest.model.design.Label">
<site>0</site>
<labelBounds x="1238" y="1413" width="70" height="23"/>
<noBackgroundColor>true</noBackgroundColor>
<noForegroundColor>true</noForegroundColor>
</sourceLabel>
<targetLabel class="oracle.dbtools.crest.model.design.Label">
<site>2</site>
<labelBounds x="1351" y="1343" width="54" height="24"/>
<noBackgroundColor>true</noBackgroundColor>
<noForegroundColor>true</noForegroundColor>
</targetLabel>
<points>
<point x="1228" y="1413"/>
<point x="1411" y="1343"/>
</points>
</Connector>
<Connector class="oracle.dbtools.crest.swingui.logical.TVInheritanceRelation" oid="85473C17-6833-2EE2-516A-C34F9D3DDB01" otype="Hierarchy relation" vid_source="AC26C976-C93D-A6E8-9001-BE583E68DBC1" vid_target="6B204883-C30C-4835-B740-787ADECFBDB7">
<hideElementsInCurrentOnly>false</hideElementsInCurrentOnly>
<backgroundColor>-65536</backgroundColor>
<lineWidth>1</lineWidth>
<points>
<point x="1184" y="886"/>
<point x="1147" y="903"/>
</points>
</Connector>
<Connector class="oracle.dbtools.crest.swingui.logical.TVRelation" oid="8B10FB2D-DBA5-31F3-B82F-7E2D06DEE067" otype="Relation" vid_source="4853D395-324F-32C2-B3CB-89076E32C2FF" vid_target="B91766D7-4D22-7A19-081B-A7CDC25099B8">
<hideElementsInCurrentOnly>false</hideElementsInCurrentOnly>
<backgroundColor>-16777216</backgroundColor>
<lineWidth>1</lineWidth>
<sourceLabel class="oracle.dbtools.crest.model.design.Label">
<site>0</site>
<labelBounds x="962" y="1322" width="71" height="24"/>
<noBackgroundColor>true</noBackgroundColor>
<noForegroundColor>true</noForegroundColor>
</sourceLabel>
<targetLabel class="oracle.dbtools.crest.model.design.Label">
<site>2</site>
<labelBounds x="611" y="1014" width="109" height="24"/>
<noBackgroundColor>true</noBackgroundColor>
<noForegroundColor>true</noForegroundColor>
</targetLabel>
<points>
<point x="1039" y="1322"/>
<point x="601" y="1014"/>
</points>
</Connector>
<Connector class="oracle.dbtools.crest.swingui.logical.TVRelation" oid="978635D5-2EA4-1AF3-B1BF-A91B3BEB32EA" otype="Relation" vid_source="015686C4-8797-7B9B-6ACD-C412E72870A9" vid_target="1CE2AE6A-665D-01CF-1156-39EC2B8D1C63">
<hideElementsInCurrentOnly>false</hideElementsInCurrentOnly>
<backgroundColor>-16777216</backgroundColor>
<lineWidth>1</lineWidth>
<sourceLabel class="oracle.dbtools.crest.model.design.Label">
<site>0</site>
<labelBounds x="1538" y="1393" width="57" height="24"/>
<noBackgroundColor>true</noBackgroundColor>
<noForegroundColor>true</noForegroundColor>
</sourceLabel>
<targetLabel class="oracle.dbtools.crest.model.design.Label">
<site>2</site>
<labelBounds x="1538" y="1663" width="85" height="24"/>
<noBackgroundColor>true</noBackgroundColor>
<noForegroundColor>true</noForegroundColor>
</targetLabel>
<points>
<point x="1538" y="1378"/>
<point x="1538" y="1717"/>
</points>
</Connector>
<Connector class="oracle.dbtools.crest.swingui.logical.TVInheritanceRelation" oid="A5D5EAD1-97B1-5123-0541-4213E2A4B6F8" otype="Hierarchy relation" vid_source="015686C4-8797-7B9B-6ACD-C412E72870A9" vid_target="C2EA212E-C95F-3D66-A88C-903B6750E710">
<hideElementsInCurrentOnly>false</hideElementsInCurrentOnly>
<backgroundColor>-65536</backgroundColor>
<lineWidth>1</lineWidth>
<points>
<point x="1567" y="1222"/>
<point x="1567" y="1110"/>
</points>
</Connector>
<Connector class="oracle.dbtools.crest.swingui.logical.TVRelation" oid="A7732CCC-0F0C-145F-27BE-FF7E2B957D91" otype="Relation" vid_source="4853D395-324F-32C2-B3CB-89076E32C2FF" vid_target="AC26C976-C93D-A6E8-9001-BE583E68DBC1">
<hideElementsInCurrentOnly>false</hideElementsInCurrentOnly>
<backgroundColor>-16777216</backgroundColor>
<lineWidth>1</lineWidth>
<sourceLabel class="oracle.dbtools.crest.model.design.Label">
<site>0</site>
<labelBounds x="1206" y="1219" width="33" height="28"/>
<noBackgroundColor>true</noBackgroundColor>
<noForegroundColor>true</noForegroundColor>
</sourceLabel>
<targetLabel class="oracle.dbtools.crest.model.design.Label">
<site>2</site>
<labelBounds x="1206" y="963" width="66" height="28"/>
<noBackgroundColor>true</noBackgroundColor>
<noForegroundColor>true</noForegroundColor>
</targetLabel>
<points>
<point x="1206" y="1309"/>
<point x="1206" y="897"/>
</points>
</Connector>
<Connector class="oracle.dbtools.crest.swingui.logical.TVRelation" oid="A8EDDA21-0FBD-EEEB-44B7-620AD45F738C" otype="Relation" vid_source="F15876E9-7BEE-854A-6209-A3DC32117A56" vid_target="CF24B03E-764D-1750-4820-B64E6771C945">
<hideElementsInCurrentOnly>false</hideElementsInCurrentOnly>
<backgroundColor>-16777216</backgroundColor>
<lineWidth>1</lineWidth>
<sourceLabel class="oracle.dbtools.crest.model.design.Label">
<site>0</site>
<labelBounds x="2002" y="1216" width="109" height="24"/>
<noBackgroundColor>true</noBackgroundColor>
<noForegroundColor>true</noForegroundColor>
</sourceLabel>
<targetLabel class="oracle.dbtools.crest.model.design.Label">
<site>2</site>
<labelBounds x="1813" y="913" width="75" height="24"/>
<noBackgroundColor>true</noBackgroundColor>
<noForegroundColor>true</noForegroundColor>
</targetLabel>
<points>
<point x="2002" y="1246"/>
<point x="1813" y="883"/>
</points>
</Connector>
<Connector class="oracle.dbtools.crest.swingui.logical.TVRelation" oid="C5AA66EE-1338-85F7-80DA-9D95C99D8ACB" otype="Relation" vid_source="015686C4-8797-7B9B-6ACD-C412E72870A9" vid_target="4853D395-324F-32C2-B3CB-89076E32C2FF">
<hideElementsInCurrentOnly>false</hideElementsInCurrentOnly>
<backgroundColor>-16777216</backgroundColor>
<lineWidth>1</lineWidth>
<sourceLabel class="oracle.dbtools.crest.model.design.Label">
<site>0</site>
<labelBounds x="1346" y="1280" width="59" height="26"/>
<noBackgroundColor>true</noBackgroundColor>
<noForegroundColor>true</noForegroundColor>
</sourceLabel>
<targetLabel class="oracle.dbtools.crest.model.design.Label">
<site>2</site>
<labelBounds x="1238" y="1328" width="87" height="27"/>
<noBackgroundColor>true</noBackgroundColor>
<noForegroundColor>true</noForegroundColor>
</targetLabel>
<points>
<point x="1411" y="1280"/>
<point x="1228" y="1328"/>
</points>
</Connector>
<Connector class="oracle.dbtools.crest.swingui.logical.TVRelation" oid="DD6FF66B-5DFC-ABAA-3299-C8F97EB216D0" otype="Relation" vid_source="4853D395-324F-32C2-B3CB-89076E32C2FF" vid_target="6EC6313E-1F54-1F83-A951-2085A7A94DC6">
<hideElementsInCurrentOnly>false</hideElementsInCurrentOnly>
<backgroundColor>-16777216</backgroundColor>
<lineWidth>1</lineWidth>
<sourceLabel class="oracle.dbtools.crest.model.design.Label">
<site>0</site>
<labelBounds x="993" y="1384" width="40" height="24"/>
<noBackgroundColor>true</noBackgroundColor>
<noForegroundColor>true</noForegroundColor>
</sourceLabel>
<targetLabel class="oracle.dbtools.crest.model.design.Label">
<site>2</site>
<labelBounds x="848" y="1316" width="70" height="24"/>
<noBackgroundColor>true</noBackgroundColor>
<noForegroundColor>true</noForegroundColor>
</targetLabel>
<points>
<point x="1039" y="1384"/>
<point x="838" y="1316"/>
</points>
</Connector>
<Connector class="oracle.dbtools.crest.swingui.logical.TVInheritanceRelation" oid="E50240AF-9DEA-432B-243A-3FC0524C90BB" otype="Hierarchy relation" vid_source="1CE2AE6A-665D-01CF-1156-39EC2B8D1C63" vid_target="1ABE8502-EA08-7EC2-F874-EDD08D64BD3F">
<hideElementsInCurrentOnly>false</hideElementsInCurrentOnly>
<backgroundColor>-65536</backgroundColor>
<lineWidth>1</lineWidth>
<points>
<point x="1470" y="1798"/>
<point x="1125" y="1798"/>
</points>
</Connector>
<Connector class="oracle.dbtools.crest.swingui.logical.TVRelation" oid="F3A83E5F-1B46-715C-826C-A1F7D84C3FF9" otype="Relation" vid_source="F15876E9-7BEE-854A-6209-A3DC32117A56" vid_target="B91766D7-4D22-7A19-081B-A7CDC25099B8">
<hideElementsInCurrentOnly>false</hideElementsInCurrentOnly>
<backgroundColor>-16777216</backgroundColor>
<lineWidth>1</lineWidth>
<sourceLabel class="oracle.dbtools.crest.model.design.Label">
<site>0</site>
<labelBounds x="1814" y="1285" width="48" height="24"/>
<noBackgroundColor>true</noBackgroundColor>
<noForegroundColor>true</noForegroundColor>
</sourceLabel>
<targetLabel class="oracle.dbtools.crest.model.design.Label">
<site>2</site>
<labelBounds x="611" y="971" width="81" height="24"/>
<noBackgroundColor>true</noBackgroundColor>
<noForegroundColor>true</noForegroundColor>
</targetLabel>
<points>
<point x="1868" y="1285"/>
<point x="601" y="971"/>
</points>
</Connector>
<Connector class="oracle.dbtools.crest.swingui.logical.TVRelation" oid="FE04D80B-2933-5F93-6B1B-1207C9495480" otype="Relation" vid_source="C2EA212E-C95F-3D66-A88C-903B6750E710" vid_target="F15876E9-7BEE-854A-6209-A3DC32117A56">
<hideElementsInCurrentOnly>false</hideElementsInCurrentOnly>
<backgroundColor>-16777216</backgroundColor>
<lineWidth>1</lineWidth>
<sourceLabel class="oracle.dbtools.crest.model.design.Label">
<site>0</site>
<labelBounds x="1643" y="1106" width="111" height="23"/>
<noBackgroundColor>true</noBackgroundColor>
<noForegroundColor>true</noForegroundColor>
</sourceLabel>
<targetLabel class="oracle.dbtools.crest.model.design.Label">
<site>2</site>
<labelBounds x="1883" y="1216" width="71" height="24"/>
<noBackgroundColor>true</noBackgroundColor>
<noForegroundColor>true</noForegroundColor>
</targetLabel>
<points>
<point x="1633" y="1106"/>
<point x="1883" y="1246"/>
</points>
</Connector>
</connectors>
</Display>
</displays>
</Diagram>