<?xml version = '1.0' encoding = 'UTF-8'?>
<Diagram class="oracle.dbtools.crest.swingui.logical.DPVLogicalSubView" name="Skills Feedback" id="90002925-28F5-A1D7-ED5F-BA2A29DFFC4B">
<createdBy>ectro</createdBy>
<modifiedBy>ectro</modifiedBy>
<createdTime>2021-02-16 01:55:18 UTC</createdTime>
<autoRoute>false</autoRoute>
<boxInbox>true</boxInbox>
<showLegend>false</showLegend>
<showLabels>true</showLabels>
<showRelAttributes>false</showRelAttributes>
<gridEnabled>false</gridEnabled>
<showGrid>false</showGrid>
<diagramColor>-1</diagramColor>
<display>false</display>
<notation>2</notation>
<showAllDetails>false</showAllDetails>
<showElements>true</showElements>
<objectViews>
<OView class="oracle.dbtools.crest.swingui.logical.TVEntity" oid="1308990B-43B7-FAE3-752B-3888A5FEF9C5" otype="Entity" vid="F99D09BE-7BA9-FF04-E7DD-AF04A942D454">
<hideElementsInCurrentOnly>false</hideElementsInCurrentOnly>
<bounds x="64" y="295" width="170" height="110"/>
</OView>
<OView class="oracle.dbtools.crest.swingui.logical.TVEntity" oid="3EE36506-96EF-52B0-004E-4DB08030440C" otype="Entity" vid="D1D9126C-9C3F-5035-2480-B9A2EF1B03B7">
<hideElementsInCurrentOnly>false</hideElementsInCurrentOnly>
<bounds x="517" y="439" width="170" height="110"/>
</OView>
<OView class="oracle.dbtools.crest.swingui.logical.TVEntity" oid="481C5324-E4BB-C866-DB2A-86EBFC7CFEF2" otype="Entity" vid="8B931918-91D0-F1C8-3C98-6B23EC7D2CCE">
<hideElementsInCurrentOnly>false</hideElementsInCurrentOnly>
<bounds x="92" y="39" width="189" height="124"/>
</OView>
<OView class="oracle.dbtools.crest.swingui.logical.TVEntity" oid="A371B8D4-266C-5D4D-3CBB-BDD5C2FCEBC8" otype="Entity" vid="0190127B-77B5-AF74-290E-1F85A43462A1">
<hideElementsInCurrentOnly>false</hideElementsInCurrentOnly>
<bounds x="802" y="277" width="203" height="188"/>
</OView>
<OView class="oracle.dbtools.crest.swingui.logical.TVEntity" oid="B87E5B46-213A-943F-33C1-0E59D85FDABB" otype="Entity" vid="DBD63CE9-69DC-08DA-7EFD-CC05E1DDE095">
<hideElementsInCurrentOnly>false</hideElementsInCurrentOnly>
<bounds x="484" y="39" width="198" height="126"/>
</OView>
</objectViews>
<connectors>
<Connector class="oracle.dbtools.crest.swingui.logical.TVRelation" oid="1EEB5ADD-9A5A-A276-C812-3F66C5F57055" otype="Relation" vid_source="D1D9126C-9C3F-5035-2480-B9A2EF1B03B7" vid_target="8B931918-91D0-F1C8-3C98-6B23EC7D2CCE">
<hideElementsInCurrentOnly>false</hideElementsInCurrentOnly>
<backgroundColor>-16777216</backgroundColor>
<lineWidth>1</lineWidth>
<sourceLabel class="oracle.dbtools.crest.model.design.Label">
<site>0</site>
<labelBounds x="543" y="399" width="92" height="34"/>
<noBackgroundColor>true</noBackgroundColor>
<noForegroundColor>true</noForegroundColor>
</sourceLabel>
<targetLabel class="oracle.dbtools.crest.model.design.Label">
<site>2</site>
<labelBounds x="252" y="203" width="114" height="34"/>
<noBackgroundColor>true</noBackgroundColor>
<noForegroundColor>true</noForegroundColor>
</targetLabel>
<points>
<point x="543" y="439"/>
<point x="252" y="163"/>
</points>
</Connector>
<Connector class="oracle.dbtools.crest.swingui.logical.TVRelation" oid="549942D5-E8B7-8798-4311-A6777182C64D" otype="Relation" vid_source="F99D09BE-7BA9-FF04-E7DD-AF04A942D454" vid_target="D1D9126C-9C3F-5035-2480-B9A2EF1B03B7">
<hideElementsInCurrentOnly>false</hideElementsInCurrentOnly>
<backgroundColor>-16777216</backgroundColor>
<lineWidth>1</lineWidth>
<sourceLabel class="oracle.dbtools.crest.model.design.Label">
<site>0</site>
<labelBounds x="244" y="377" width="94" height="34"/>
<noBackgroundColor>true</noBackgroundColor>
<noForegroundColor>true</noForegroundColor>
</sourceLabel>
<targetLabel class="oracle.dbtools.crest.model.design.Label">
<site>2</site>
<labelBounds x="455" y="466" width="56" height="34"/>
<noBackgroundColor>true</noBackgroundColor>
<noForegroundColor>true</noForegroundColor>
</targetLabel>
<points>
<point x="234" y="377"/>
<point x="517" y="466"/>
</points>
</Connector>
<Connector class="oracle.dbtools.crest.swingui.logical.TVRelation" oid="70145991-7AD4-E5C1-763E-D61D5351132B" otype="Relation" vid_source="8B931918-91D0-F1C8-3C98-6B23EC7D2CCE" vid_target="F99D09BE-7BA9-FF04-E7DD-AF04A942D454">
<hideElementsInCurrentOnly>false</hideElementsInCurrentOnly>
<backgroundColor>-16777216</backgroundColor>
<lineWidth>1</lineWidth>
<sourceLabel class="oracle.dbtools.crest.model.design.Label">
<site>0</site>
<labelBounds x="163" y="211" width="60" height="34"/>
<noBackgroundColor>true</noBackgroundColor>
<noForegroundColor>true</noForegroundColor>
</sourceLabel>
<targetLabel class="oracle.dbtools.crest.model.design.Label">
<site>2</site>
<labelBounds x="163" y="247" width="93" height="34"/>
<noBackgroundColor>true</noBackgroundColor>
<noForegroundColor>true</noForegroundColor>
</targetLabel>
<points>
<point x="163" y="163"/>
<point x="163" y="295"/>
</points>
</Connector>
<Connector class="oracle.dbtools.crest.swingui.logical.TVRelation" oid="7CA07BFB-E8FD-D2A5-7469-CA9C29A8C903" otype="Relation" vid_source="8B931918-91D0-F1C8-3C98-6B23EC7D2CCE" vid_target="DBD63CE9-69DC-08DA-7EFD-CC05E1DDE095">
<hideElementsInCurrentOnly>false</hideElementsInCurrentOnly>
<backgroundColor>-16777216</backgroundColor>
<lineWidth>1</lineWidth>
<sourceLabel class="oracle.dbtools.crest.model.design.Label">
<site>0</site>
<labelBounds x="291" y="110" width="77" height="34"/>
<noBackgroundColor>true</noBackgroundColor>
<noForegroundColor>true</noForegroundColor>
</sourceLabel>
<targetLabel class="oracle.dbtools.crest.model.design.Label">
<site>2</site>
<labelBounds x="419" y="123" width="59" height="34"/>
<noBackgroundColor>true</noBackgroundColor>
<noForegroundColor>true</noForegroundColor>
</targetLabel>
<points>
<point x="281" y="110"/>
<point x="484" y="123"/>
</points>
</Connector>
<Connector class="oracle.dbtools.crest.swingui.logical.TVRelation" oid="8B10FB2D-DBA5-31F3-B82F-7E2D06DEE067" otype="Relation" vid_source="8B931918-91D0-F1C8-3C98-6B23EC7D2CCE" vid_target="0190127B-77B5-AF74-290E-1F85A43462A1">
<hideElementsInCurrentOnly>false</hideElementsInCurrentOnly>
<backgroundColor>-16777216</backgroundColor>
<lineWidth>1</lineWidth>
<sourceLabel class="oracle.dbtools.crest.model.design.Label">
<site>0</site>
<labelBounds x="291" y="136" width="76" height="34"/>
<noBackgroundColor>true</noBackgroundColor>
<noForegroundColor>true</noForegroundColor>
</sourceLabel>
<targetLabel class="oracle.dbtools.crest.model.design.Label">
<site>2</site>
<labelBounds x="682" y="332" width="114" height="34"/>
<noBackgroundColor>true</noBackgroundColor>
<noForegroundColor>true</noForegroundColor>
</targetLabel>
<points>
<point x="281" y="136"/>
<point x="802" y="332"/>
</points>
</Connector>
<Connector class="oracle.dbtools.crest.swingui.logical.TVRelation" oid="978635D5-2EA4-1AF3-B1BF-A91B3BEB32EA" otype="Relation" vid_source="DBD63CE9-69DC-08DA-7EFD-CC05E1DDE095" vid_target="D1D9126C-9C3F-5035-2480-B9A2EF1B03B7">
<hideElementsInCurrentOnly>false</hideElementsInCurrentOnly>
<backgroundColor>-16777216</backgroundColor>
<lineWidth>1</lineWidth>
<sourceLabel class="oracle.dbtools.crest.model.design.Label">
<site>0</site>
<labelBounds x="585" y="197" width="62" height="34"/>
<noBackgroundColor>true</noBackgroundColor>
<noForegroundColor>true</noForegroundColor>
</sourceLabel>
<targetLabel class="oracle.dbtools.crest.model.design.Label">
<site>2</site>
<labelBounds x="585" y="375" width="90" height="34"/>
<noBackgroundColor>true</noBackgroundColor>
<noForegroundColor>true</noForegroundColor>
</targetLabel>
<points>
<point x="585" y="165"/>
<point x="585" y="439"/>
</points>
</Connector>
<Connector class="oracle.dbtools.crest.swingui.logical.TVRelation" oid="C5AA66EE-1338-85F7-80DA-9D95C99D8ACB" otype="Relation" vid_source="DBD63CE9-69DC-08DA-7EFD-CC05E1DDE095" vid_target="8B931918-91D0-F1C8-3C98-6B23EC7D2CCE">
<hideElementsInCurrentOnly>false</hideElementsInCurrentOnly>
<backgroundColor>-16777216</backgroundColor>
<lineWidth>1</lineWidth>
<sourceLabel class="oracle.dbtools.crest.model.design.Label">
<site>0</site>
<labelBounds x="410" y="73" width="68" height="40"/>
<noBackgroundColor>true</noBackgroundColor>
<noForegroundColor>true</noForegroundColor>
</sourceLabel>
<targetLabel class="oracle.dbtools.crest.model.design.Label">
<site>2</site>
<labelBounds x="291" y="74" width="94" height="34"/>
<noBackgroundColor>true</noBackgroundColor>
<noForegroundColor>true</noForegroundColor>
</targetLabel>
<points>
<point x="484" y="73"/>
<point x="281" y="74"/>
</points>
</Connector>
</connectors>
</Diagram>