<?xml version = '1.0' encoding = 'UTF-8'?>
<Entity class="oracle.dbtools.crest.model.design.logical.Entity" directorySegmentName="seg_0" id="B87E5B46-213A-943F-33C1-0E59D85FDABB" name="Teacher">
<createdBy>ectro</createdBy>
<createdTime>2021-02-15 05:04:51 UTC</createdTime>
<ownerDesignName>ISQA8410_Project_ClassDojo_ConceptualModel</ownerDesignName>
<engineerTo>
<item key="8E60B514-4681-510F-0041-55919F9F5F48" value="true"/>
</engineerTo>
<adequatelyNormalized>NO</adequatelyNormalized>
<expectedVolumes>0</expectedVolumes>
<fwdEngineeringStrategyName>Single Table</fwdEngineeringStrategyName>
<growthPercent>0</growthPercent>
<growthType>Year</growthType>
<maxVolumes>9999999</maxVolumes>
<minVolumes>0</minVolumes>
<normalForm>Third</normalForm>
<generateDiscrimColumn>true</generateDiscrimColumn>
<discriminatorAttributeID>DF55F2C9-C5AA-750D-E874-DA46CF18B919</discriminatorAttributeID>
<attributes itemClass="oracle.dbtools.crest.model.design.logical.Attribute">
<Attribute name="teacher title" id="A80B94FB-9788-8DF2-08E0-5C7EECA35DA8">
<createdBy>ectro</createdBy>
<createdTime>2021-02-15 05:12:09 UTC</createdTime>
<ownerDesignName>ISQA8410_Project_ClassDojo_ConceptualModel</ownerDesignName>
<engineerTo>
<item key="8E60B514-4681-510F-0041-55919F9F5F48" value="true"/>
</engineerTo>
<nullsAllowed>true</nullsAllowed>
<use>0</use>
<ownDataTypeParameters>,,</ownDataTypeParameters>
</Attribute>
<Attribute name="teacher name" id="3E6A8549-444B-B429-9499-43D72E8F7E2F">
<createdBy>ectro</createdBy>
<createdTime>2021-02-15 05:09:19 UTC</createdTime>
<ownerDesignName>ISQA8410_Project_ClassDojo_ConceptualModel</ownerDesignName>
<engineerTo>
<item key="8E60B514-4681-510F-0041-55919F9F5F48" value="true"/>
</engineerTo>
<nullsAllowed>true</nullsAllowed>
<use>0</use>
<ownDataTypeParameters>,,</ownDataTypeParameters>
</Attribute>
<Attribute name="teacher access code" id="F71954EF-731C-DAEE-BB93-D7EDCDC50D7E">
<createdBy>ectro</createdBy>
<createdTime>2021-02-15 05:08:32 UTC</createdTime>
<ownerDesignName>ISQA8410_Project_ClassDojo_ConceptualModel</ownerDesignName>
<engineerTo>
<item key="8E60B514-4681-510F-0041-55919F9F5F48" value="true"/>
</engineerTo>
<nullsAllowed>true</nullsAllowed>
<use>0</use>
<ownDataTypeParameters>,,</ownDataTypeParameters>
</Attribute>
<Attribute name="teacher email" id="34FA1E29-466A-DA5C-CDFD-3CE30908C90F">
<createdBy>ectro</createdBy>
<createdTime>2021-02-15 05:09:33 UTC</createdTime>
<ownerDesignName>ISQA8410_Project_ClassDojo_ConceptualModel</ownerDesignName>
<engineerTo>
<item key="8E60B514-4681-510F-0041-55919F9F5F48" value="true"/>
</engineerTo>
<nullsAllowed>true</nullsAllowed>
<use>0</use>
<ownDataTypeParameters>,,</ownDataTypeParameters>
</Attribute>
<Attribute name="teacher verification status" id="BF75ABE6-A6F3-F651-2064-A9CE78B133E3">
<createdBy>ectro</createdBy>
<createdTime>2021-02-15 05:10:11 UTC</createdTime>
<ownerDesignName>ISQA8410_Project_ClassDojo_ConceptualModel</ownerDesignName>
<engineerTo>
<item key="8E60B514-4681-510F-0041-55919F9F5F48" value="true"/>
</engineerTo>
<nullsAllowed>true</nullsAllowed>
<use>0</use>
<ownDataTypeParameters>,,</ownDataTypeParameters>
</Attribute>
<Attribute name="teacher mentor" id="DF55F2C9-C5AA-750D-E874-DA46CF18B919">
<createdBy>ectro</createdBy>
<createdTime>2021-02-20 22:03:54 UTC</createdTime>
<ownerDesignName>ISQA8410_Project_ClassDojo_ConceptualModel</ownerDesignName>
<engineerTo>
<item key="8E60B514-4681-510F-0041-55919F9F5F48" value="true"/>
</engineerTo>
<nullsAllowed>true</nullsAllowed>
<use>0</use>
<ownDataTypeParameters>,,</ownDataTypeParameters>
</Attribute>
<Attribute name="teacher username" id="CECAF647-3E3D-E3AE-994D-3AE395B8CAB4">
<createdBy>ectro</createdBy>
<createdTime>2021-02-21 18:14:13 UTC</createdTime>
<ownerDesignName>ISQA8410_Project_ClassDojo_ConceptualModel</ownerDesignName>
<engineerTo>
<item key="8E60B514-4681-510F-0041-55919F9F5F48" value="true"/>
</engineerTo>
<nullsAllowed>true</nullsAllowed>
<use>0</use>
<ownDataTypeParameters>,,</ownDataTypeParameters>
</Attribute>
<Attribute name="teacher password" id="7E359C61-3855-583D-E24B-70293A5E3A7C">
<createdBy>ectro</createdBy>
<createdTime>2021-02-21 18:14:20 UTC</createdTime>
<ownerDesignName>ISQA8410_Project_ClassDojo_ConceptualModel</ownerDesignName>
<engineerTo>
<item key="8E60B514-4681-510F-0041-55919F9F5F48" value="true"/>
</engineerTo>
<nullsAllowed>true</nullsAllowed>
<use>0</use>
<ownDataTypeParameters>,,</ownDataTypeParameters>
</Attribute>
</attributes>
</Entity>