<?xml version = '1.0' encoding = 'UTF-8'?>
<InheritanceRelation class="oracle.dbtools.crest.model.design.logical.InheritanceRelation" name="Hierarchy_7" directorySegmentName="seg_0" id="85473C17-6833-2EE2-516A-C34F9D3DDB01">
<createdBy>ectro</createdBy>
<createdTime>2021-02-20 22:37:45 UTC</createdTime>
<ownerDesignName>ISQA8410_Project_ClassDojo_ConceptualModel</ownerDesignName>
<engineerTo>
<item key="8E60B514-4681-510F-0041-55919F9F5F48" value="true"/>
</engineerTo>
<identifying>false</identifying>
<nameOnSource>Super Type</nameOnSource>
<nameOnTarget>Sub Type</nameOnTarget>
<optionalSource>true</optionalSource>
<optionalTarget>true</optionalTarget>
<sourceEntity>DB7C85CD-6666-435E-10AE-3E58D2B21C20</sourceEntity>
<targetEntity>BE709B2C-C5BD-4E8A-AC09-C489D3AD1ED8</targetEntity>
<transferable>true</transferable>
<deleteRule>NO ACTION</deleteRule>
</InheritanceRelation>