<?xml version = '1.0' encoding = 'UTF-8'?>
<InheritanceRelation class="oracle.dbtools.crest.model.design.logical.InheritanceRelation" name="Hierarchy_5" directorySegmentName="seg_0" id="A5D5EAD1-97B1-5123-0541-4213E2A4B6F8">
<createdBy>ectro</createdBy>
<createdTime>2021-02-20 22:00:51 UTC</createdTime>
<ownerDesignName>ISQA8410_Project_ClassDojo_ConceptualModel</ownerDesignName>
<engineerTo>
<item key="8E60B514-4681-510F-0041-55919F9F5F48" value="true"/>
</engineerTo>
<identifying>false</identifying>
<nameOnSource>Super Type</nameOnSource>
<nameOnTarget>Sub Type</nameOnTarget>
<optionalSource>true</optionalSource>
<optionalTarget>true</optionalTarget>
<sourceEntity>B87E5B46-213A-943F-33C1-0E59D85FDABB</sourceEntity>
<targetEntity>CF7C59C3-1984-0AF4-58B4-27435F3CCADD</targetEntity>
<transferable>true</transferable>
<deleteRule>NO ACTION</deleteRule>
</InheritanceRelation>