<?xml version = '1.0' encoding = 'UTF-8'?>
<Relation class="oracle.dbtools.crest.model.design.logical.Relation" name="Relation_2" directorySegmentName="seg_0" id="04A317FC-2DB7-FCC6-9312-0DB45EFBFC3C">
<createdBy>ectro</createdBy>
<createdTime>2021-02-15 06:35:54 UTC</createdTime>
<ownerDesignName>ISQA8410_Project_ClassDojo_ConceptualModel</ownerDesignName>
<engineerTo>
<item key="8E60B514-4681-510F-0041-55919F9F5F48" value="true"/>
</engineerTo>
<identifying>false</identifying>
<nameOnSource>likes</nameOnSource>
<nameOnTarget>is liked by</nameOnTarget>
<optionalSource>true</optionalSource>
<optionalTarget>true</optionalTarget>
<sourceCardinality>*</sourceCardinality>
<sourceEntity>40D4574A-A0D7-D527-6D6C-A3C0FE2AE5BE</sourceEntity>
<targetCardinalityString>*</targetCardinalityString>
<targetEntity>9D570C9F-F5D1-F8A6-CFC5-2FAE3416151F</targetEntity>
<transferable>true</transferable>
<deleteRule>NO ACTION</deleteRule>
</Relation>