<?xml version = '1.0' encoding = 'UTF-8'?>
<Relation class="oracle.dbtools.crest.model.design.logical.Relation" name="Relation_17" directorySegmentName="seg_0" id="1EEB5ADD-9A5A-A276-C812-3F66C5F57055">
<createdBy>ectro</createdBy>
<createdTime>2021-02-16 02:14:30 UTC</createdTime>
<ownerDesignName>ISQA8410_Project_ClassDojo_ConceptualModel</ownerDesignName>
<engineerTo>
<item key="8E60B514-4681-510F-0041-55919F9F5F48" value="true"/>
</engineerTo>
<identifying>false</identifying>
<nameOnSource>is given within</nameOnSource>
<nameOnTarget>is associated with</nameOnTarget>
<optionalSource>false</optionalSource>
<optionalTarget>true</optionalTarget>
<sourceCardinality>*</sourceCardinality>
<sourceEntity>3EE36506-96EF-52B0-004E-4DB08030440C</sourceEntity>
<targetCardinalityString>1</targetCardinalityString>
<targetEntity>481C5324-E4BB-C866-DB2A-86EBFC7CFEF2</targetEntity>
<transferable>true</transferable>
<deleteRule>NO ACTION</deleteRule>
</Relation>