<?xml version = '1.0' encoding = 'UTF-8'?>
<Relation class="oracle.dbtools.crest.model.design.logical.Relation" name="Relation_18" directorySegmentName="seg_0" id="549942D5-E8B7-8798-4311-A6777182C64D">
<createdBy>ectro</createdBy>
<createdTime>2021-02-16 02:26:01 UTC</createdTime>
<ownerDesignName>ISQA8410_Project_ClassDojo_ConceptualModel</ownerDesignName>
<engineerTo>
<item key="8E60B514-4681-510F-0041-55919F9F5F48" value="true"/>
</engineerTo>
<identifying>false</identifying>
<nameOnSource>is applied with</nameOnSource>
<nameOnTarget>applies</nameOnTarget>
<optionalSource>true</optionalSource>
<optionalTarget>false</optionalTarget>
<sourceCardinality>1</sourceCardinality>
<sourceEntity>1308990B-43B7-FAE3-752B-3888A5FEF9C5</sourceEntity>
<targetCardinalityString>*</targetCardinalityString>
<targetEntity>3EE36506-96EF-52B0-004E-4DB08030440C</targetEntity>
<transferable>true</transferable>
<deleteRule>NO ACTION</deleteRule>
</Relation>