<?xml version = '1.0' encoding = 'UTF-8'?>
<Relation class="oracle.dbtools.crest.model.design.logical.Relation" name="Relation_24" directorySegmentName="seg_0" id="550E2B53-BBB2-D485-8969-64A47B2B09D9">
<createdBy>ectro</createdBy>
<createdTime>2021-02-16 02:52:55 UTC</createdTime>
<ownerDesignName>ISQA8410_Project_ClassDojo_ConceptualModel</ownerDesignName>
<engineerTo>
<item key="8E60B514-4681-510F-0041-55919F9F5F48" value="true"/>
</engineerTo>
<identifying>false</identifying>
<nameOnSource>is associated with</nameOnSource>
<nameOnTarget>associates</nameOnTarget>
<optionalSource>true</optionalSource>
<optionalTarget>false</optionalTarget>
<sourceCardinality>*</sourceCardinality>
<sourceEntity>B87E5B46-213A-943F-33C1-0E59D85FDABB</sourceEntity>
<targetCardinalityString>1</targetCardinalityString>
<targetEntity>030A84F3-9BD9-5F69-3B15-E0B0F19CCB8D</targetEntity>
<transferable>true</transferable>
<deleteRule>NO ACTION</deleteRule>
</Relation>