<?xml version = '1.0' encoding = 'UTF-8'?>
<Relation class="oracle.dbtools.crest.model.design.logical.Relation" name="Relation_40" directorySegmentName="seg_0" id="56C19EAD-9C4A-B274-CB5F-2E7C6B195810">
<createdBy>ectro</createdBy>
<createdTime>2021-02-21 18:27:43 UTC</createdTime>
<ownerDesignName>ISQA8410_Project_ClassDojo_ConceptualModel</ownerDesignName>
<engineerTo>
<item key="8E60B514-4681-510F-0041-55919F9F5F48" value="true"/>
</engineerTo>
<identifying>false</identifying>
<nameOnSource>publishes</nameOnSource>
<nameOnTarget>is published by</nameOnTarget>
<optionalSource>true</optionalSource>
<optionalTarget>false</optionalTarget>
<sourceCardinality>1</sourceCardinality>
<sourceEntity>A371B8D4-266C-5D4D-3CBB-BDD5C2FCEBC8</sourceEntity>
<targetCardinalityString>*</targetCardinalityString>
<targetEntity>BE709B2C-C5BD-4E8A-AC09-C489D3AD1ED8</targetEntity>
<transferable>true</transferable>
<deleteRule>NO ACTION</deleteRule>
</Relation>