<?xml version = '1.0' encoding = 'UTF-8'?>
<Relation class="oracle.dbtools.crest.model.design.logical.Relation" name="Relation_13" directorySegmentName="seg_0" id="70145991-7AD4-E5C1-763E-D61D5351132B">
<createdBy>ectro</createdBy>
<createdTime>2021-02-16 01:57:34 UTC</createdTime>
<ownerDesignName>ISQA8410_Project_ClassDojo_ConceptualModel</ownerDesignName>
<engineerTo>
<item key="8E60B514-4681-510F-0041-55919F9F5F48" value="true"/>
</engineerTo>
<identifying>false</identifying>
<nameOnSource>assigns</nameOnSource>
<nameOnTarget>is assigned to</nameOnTarget>
<optionalSource>true</optionalSource>
<optionalTarget>false</optionalTarget>
<sourceCardinality>1</sourceCardinality>
<sourceEntity>481C5324-E4BB-C866-DB2A-86EBFC7CFEF2</sourceEntity>
<targetCardinalityString>*</targetCardinalityString>
<targetEntity>1308990B-43B7-FAE3-752B-3888A5FEF9C5</targetEntity>
<transferable>true</transferable>
<deleteRule>NO ACTION</deleteRule>
</Relation>