<?xml version = '1.0' encoding = 'UTF-8'?>
<Relation class="oracle.dbtools.crest.model.design.logical.Relation" name="Relation_38" directorySegmentName="seg_0" id="74C938B0-150A-5F30-7966-356EBAB376F0">
<createdBy>ectro</createdBy>
<createdTime>2021-02-21 18:18:03 UTC</createdTime>
<ownerDesignName>ISQA8410_Project_ClassDojo_ConceptualModel</ownerDesignName>
<engineerTo>
<item key="8E60B514-4681-510F-0041-55919F9F5F48" value="true"/>
</engineerTo>
<identifying>false</identifying>
<nameOnSource>is a</nameOnSource>
<nameOnTarget>is for</nameOnTarget>
<optionalSource>true</optionalSource>
<optionalTarget>false</optionalTarget>
<sourceCardinality>1</sourceCardinality>
<sourceEntity>40D4574A-A0D7-D527-6D6C-A3C0FE2AE5BE</sourceEntity>
<targetCardinalityString>1</targetCardinalityString>
<targetEntity>4391C959-7A48-CFCD-368E-5EBFE847A501</targetEntity>
<transferable>true</transferable>
<deleteRule>NO ACTION</deleteRule>
</Relation>