<?xml version = '1.0' encoding = 'UTF-8'?>
<Relation class="oracle.dbtools.crest.model.design.logical.Relation" name="Relation_12" directorySegmentName="seg_0" id="7CA07BFB-E8FD-D2A5-7469-CA9C29A8C903">
<createdBy>ectro</createdBy>
<createdTime>2021-02-16 00:23:12 UTC</createdTime>
<ownerDesignName>ISQA8410_Project_ClassDojo_ConceptualModel</ownerDesignName>
<engineerTo>
<item key="8E60B514-4681-510F-0041-55919F9F5F48" value="true"/>
</engineerTo>
<identifying>false</identifying>
<nameOnSource>is taught by</nameOnSource>
<nameOnTarget>teaches</nameOnTarget>
<optionalSource>true</optionalSource>
<optionalTarget>false</optionalTarget>
<sourceCardinality>*</sourceCardinality>
<sourceEntity>481C5324-E4BB-C866-DB2A-86EBFC7CFEF2</sourceEntity>
<targetCardinalityString>*</targetCardinalityString>
<targetEntity>B87E5B46-213A-943F-33C1-0E59D85FDABB</targetEntity>
<transferable>true</transferable>
<deleteRule>NO ACTION</deleteRule>
</Relation>