<?xml version = '1.0' encoding = 'UTF-8'?>
<Relation class="oracle.dbtools.crest.model.design.logical.Relation" name="Relation_26" directorySegmentName="seg_0" id="8B10FB2D-DBA5-31F3-B82F-7E2D06DEE067">
<createdBy>ectro</createdBy>
<createdTime>2021-02-16 02:56:19 UTC</createdTime>
<ownerDesignName>ISQA8410_Project_ClassDojo_ConceptualModel</ownerDesignName>
<engineerTo>
<item key="8E60B514-4681-510F-0041-55919F9F5F48" value="true"/>
</engineerTo>
<identifying>false</identifying>
<nameOnSource>is taken by</nameOnSource>
<nameOnTarget>takes</nameOnTarget>
<optionalSource>false</optionalSource>
<optionalTarget>false</optionalTarget>
<sourceCardinality>1</sourceCardinality>
<sourceEntity>481C5324-E4BB-C866-DB2A-86EBFC7CFEF2</sourceEntity>
<targetCardinalityString>*</targetCardinalityString>
<targetEntity>A371B8D4-266C-5D4D-3CBB-BDD5C2FCEBC8</targetEntity>
<transferable>true</transferable>
<deleteRule>NO ACTION</deleteRule>
</Relation>