<?xml version = '1.0' encoding = 'UTF-8'?>
<Relation class="oracle.dbtools.crest.model.design.logical.Relation" name="Relation_15" directorySegmentName="seg_0" id="978635D5-2EA4-1AF3-B1BF-A91B3BEB32EA">
<createdBy>ectro</createdBy>
<createdTime>2021-02-16 02:09:01 UTC</createdTime>
<ownerDesignName>ISQA8410_Project_ClassDojo_ConceptualModel</ownerDesignName>
<engineerTo>
<item key="8E60B514-4681-510F-0041-55919F9F5F48" value="true"/>
</engineerTo>
<identifying>false</identifying>
<nameOnSource>provides</nameOnSource>
<nameOnTarget>is provided by</nameOnTarget>
<optionalSource>true</optionalSource>
<optionalTarget>false</optionalTarget>
<sourceCardinality>1</sourceCardinality>
<sourceEntity>B87E5B46-213A-943F-33C1-0E59D85FDABB</sourceEntity>
<targetCardinalityString>*</targetCardinalityString>
<targetEntity>3EE36506-96EF-52B0-004E-4DB08030440C</targetEntity>
<transferable>true</transferable>
<deleteRule>NO ACTION</deleteRule>
</Relation>