<?xml version = '1.0' encoding = 'UTF-8'?>
<Relation class="oracle.dbtools.crest.model.design.logical.Relation" name="Relation_36" directorySegmentName="seg_0" id="A7732CCC-0F0C-145F-27BE-FF7E2B957D91">
<createdBy>ectro</createdBy>
<createdTime>2021-02-21 01:25:51 UTC</createdTime>
<ownerDesignName>ISQA8410_Project_ClassDojo_ConceptualModel</ownerDesignName>
<engineerTo>
<item key="8E60B514-4681-510F-0041-55919F9F5F48" value="true"/>
</engineerTo>
<identifying>false</identifying>
<nameOnSource>has </nameOnSource>
<nameOnTarget>is shared in </nameOnTarget>
<optionalSource>true</optionalSource>
<optionalTarget>false</optionalTarget>
<sourceCardinality>1</sourceCardinality>
<sourceEntity>481C5324-E4BB-C866-DB2A-86EBFC7CFEF2</sourceEntity>
<targetCardinalityString>*</targetCardinalityString>
<targetEntity>DB7C85CD-6666-435E-10AE-3E58D2B21C20</targetEntity>
<transferable>true</transferable>
<deleteRule>NO ACTION</deleteRule>
</Relation>