<?xml version = '1.0' encoding = 'UTF-8'?>
<Relation class="oracle.dbtools.crest.model.design.logical.Relation" name="Relation_10" directorySegmentName="seg_0" id="A8EDDA21-0FBD-EEEB-44B7-620AD45F738C">
<createdBy>ectro</createdBy>
<createdTime>2021-02-15 06:54:41 UTC</createdTime>
<ownerDesignName>ISQA8410_Project_ClassDojo_ConceptualModel</ownerDesignName>
<engineerTo>
<item key="8E60B514-4681-510F-0041-55919F9F5F48" value="true"/>
</engineerTo>
<identifying>false</identifying>
<nameOnSource>is associated with</nameOnSource>
<nameOnTarget>is shared in</nameOnTarget>
<optionalSource>true</optionalSource>
<optionalTarget>false</optionalTarget>
<sourceCardinality>1</sourceCardinality>
<sourceEntity>030A84F3-9BD9-5F69-3B15-E0B0F19CCB8D</sourceEntity>
<targetCardinalityString>*</targetCardinalityString>
<targetEntity>12055CBA-AD1B-9ABB-620F-548B5547CF0A</targetEntity>
<transferable>true</transferable>
<deleteRule>NO ACTION</deleteRule>
</Relation>