<?xml version = '1.0' encoding = 'UTF-8'?>
<Relation class="oracle.dbtools.crest.model.design.logical.Relation" name="Relation_11" directorySegmentName="seg_0" id="C5AA66EE-1338-85F7-80DA-9D95C99D8ACB">
<createdBy>ectro</createdBy>
<createdTime>2021-02-16 00:20:50 UTC</createdTime>
<ownerDesignName>ISQA8410_Project_ClassDojo_ConceptualModel</ownerDesignName>
<engineerTo>
<item key="8E60B514-4681-510F-0041-55919F9F5F48" value="true"/>
</engineerTo>
<identifying>false</identifying>
<nameOnSource>oversees</nameOnSource>
<nameOnTarget>is overseen by</nameOnTarget>
<optionalSource>true</optionalSource>
<optionalTarget>false</optionalTarget>
<sourceCardinality>1</sourceCardinality>
<sourceEntity>B87E5B46-213A-943F-33C1-0E59D85FDABB</sourceEntity>
<targetCardinalityString>*</targetCardinalityString>
<targetEntity>481C5324-E4BB-C866-DB2A-86EBFC7CFEF2</targetEntity>
<transferable>true</transferable>
<deleteRule>NO ACTION</deleteRule>
</Relation>