<?xml version = '1.0' encoding = 'UTF-8'?>
<Relation class="oracle.dbtools.crest.model.design.logical.Relation" name="Relation_20" directorySegmentName="seg_0" id="DD6FF66B-5DFC-ABAA-3299-C8F97EB216D0">
<createdBy>ectro</createdBy>
<createdTime>2021-02-16 02:36:02 UTC</createdTime>
<ownerDesignName>ISQA8410_Project_ClassDojo_ConceptualModel</ownerDesignName>
<engineerTo>
<item key="8E60B514-4681-510F-0041-55919F9F5F48" value="true"/>
</engineerTo>
<identifying>false</identifying>
<nameOnSource>takes</nameOnSource>
<nameOnTarget>is taken for</nameOnTarget>
<optionalSource>false</optionalSource>
<optionalTarget>false</optionalTarget>
<sourceCardinality>1</sourceCardinality>
<sourceEntity>481C5324-E4BB-C866-DB2A-86EBFC7CFEF2</sourceEntity>
<targetCardinalityString>*</targetCardinalityString>
<targetEntity>40FF6622-DFBD-CD55-BEAF-B8559B01AF4C</targetEntity>
<transferable>true</transferable>
<deleteRule>NO ACTION</deleteRule>
</Relation>