<?xml version = '1.0' encoding = 'UTF-8'?>
<Relation class="oracle.dbtools.crest.model.design.logical.Relation" name="Relation_31" directorySegmentName="seg_0" id="FE04D80B-2933-5F93-6B1B-1207C9495480">
<createdBy>ectro</createdBy>
<createdTime>2021-02-16 03:10:03 UTC</createdTime>
<ownerDesignName>ISQA8410_Project_ClassDojo_ConceptualModel</ownerDesignName>
<engineerTo>
<item key="8E60B514-4681-510F-0041-55919F9F5F48" value="true"/>
</engineerTo>
<identifying>false</identifying>
<nameOnSource>is associated with</nameOnSource>
<nameOnTarget>associates</nameOnTarget>
<optionalSource>false</optionalSource>
<optionalTarget>false</optionalTarget>
<sourceCardinality>*</sourceCardinality>
<sourceEntity>CF7C59C3-1984-0AF4-58B4-27435F3CCADD</sourceEntity>
<targetCardinalityString>1</targetCardinalityString>
<targetEntity>030A84F3-9BD9-5F69-3B15-E0B0F19CCB8D</targetEntity>
<transferable>true</transferable>
<deleteRule>NO ACTION</deleteRule>
</Relation>